index,Flight_Id,Airline_Code,Departure_Airport_Code,Destination_Airport_Code,Aircraft_Id
0,100001,FA,FKT,NSA,12d
1,100002,FA,FKT,NSA,12d
2,100003,FA,FKT,NSA,12d
3,100004,FA,FKT,NSA,12d
4,100005,FA,FKT,NSA,12d
5,100006,FA,FKT,NSA,12d
6,100007,FA,FKT,NSA,12d
7,100008,FA,FKT,NSA,12d
8,100009,FA,FKT,NSA,12d
9,100010,FA,FKT,NSA,12d
10,100011,FA,FKT,NSA,12d
11,100012,FA,FKT,NSA,12d
12,100013,FA,FKT,NSA,12d
13,100014,FA,FKT,NSA,12d
14,100015,FA,FKT,NSA,12d
15,100016,FA,FKT,NSA,12d
16,100017,FA,FKT,NSA,12d
17,100018,FA,FKT,NSA,12d
18,100019,FA,FKT,NSA,12d
19,100020,FA,FKT,NSA,12d
20,100021,FA,FKT,NSA,12d
21,100022,FA,FKT,NSA,12d
22,100023,FA,FKT,NSA,12d
23,100024,FA,FKT,NSA,12d
24,100025,FA,FKT,AMP,12a
25,100026,FA,FKT,AMP,12a
26,100027,FA,FKT,AMP,12a
27,100028,FA,FKT,AMP,12a
28,100029,FA,FKT,AMP,12a
29,100030,FA,FKT,AMP,12a
30,100031,FA,FKT,AMP,12a
31,100032,FA,FKT,AMP,12a
32,100033,FA,FKT,AMP,12a
33,100034,FA,FKT,AMP,12a
34,100035,FA,FKT,AMP,12a
35,100036,FA,FKT,AMP,12a
36,100037,FA,FKT,AMP,12a
37,100038,FA,FKT,AMP,12a
38,100039,FA,FKT,AMP,12a
39,100040,FA,FKT,AMP,12a
40,100041,FA,FKT,AMP,12a
41,100042,FA,FKT,AMP,12a
42,100043,FA,FKT,AMP,12a
43,100044,FA,FKT,AMP,12a
44,100045,FA,FKT,AMP,12a
45,100046,FA,FKT,AMP,12a
46,100047,FA,FKT,AMP,12a
47,100048,FA,FKT,AMP,12a
48,100049,FA,FKT,AMP,12a
49,100050,FA,FKT,AMP,12a
50,100051,FA,FKT,AMP,12a
51,100052,FA,FKT,AMP,12a
52,100053,FA,FKT,AMP,12a
53,100054,FA,FKT,AMP,12a
54,100055,FA,FKT,AMP,12a
55,100056,FA,FKT,AMP,12a
56,100057,FA,FKT,AMP,12a
57,100058,FA,FKT,AMP,12a
58,100059,FA,FKT,AMP,12a
59,100060,FA,FKT,AMP,12a
60,100061,FA,FKT,AMP,12a
61,100062,FA,FKT,AMP,12a
62,100063,FA,FKT,AMP,12a
63,100064,FA,FKT,AMP,12a
64,100065,FA,FKT,AMP,12a
65,100066,FA,FKT,AMP,12a
66,100067,FA,FKT,AMP,12a
67,100068,FA,FKT,AMP,12a
68,100069,FA,FKT,AMP,12a
69,100070,FA,FKT,AMP,12a
70,100071,FA,FKT,AMP,12a
71,100072,FA,FKT,AMP,12a
72,100073,FA,FKT,AMP,12a
73,100074,FA,FKT,AMP,12a
74,100075,FA,FKT,AMP,12a
75,100076,FA,FKT,AMP,12a
76,100077,FA,FKT,AMP,12a
77,100078,FA,FKT,AMP,12a
78,100079,FA,FKT,AMP,12a
79,100080,FA,FKT,AMP,12a
80,100081,FA,FKT,AMP,12a
81,100082,FA,FKT,AMP,12a
82,100083,FA,FKT,AMP,12a
83,100084,FA,FKT,AMP,12a
84,100085,FA,FKT,AMP,12a
85,100086,FA,FKT,AMP,12a
86,100087,FA,FKT,AMP,12a
87,100088,FA,FKT,AMP,12a
88,100089,FA,FKT,AMP,12a
89,100090,FA,FKT,AMP,12a
90,100091,FA,FKT,AMP,12a
91,100092,FA,FKT,AMP,12a
92,100093,FA,FKT,AMP,12a
93,100094,FA,FKT,AMP,12a
94,100095,FA,FKT,AMP,12a
95,100096,FA,FKT,AMP,12a
96,100097,FA,FKT,AMP,12a
97,100098,FA,FKT,AMP,12a
98,100099,FA,FKT,AMP,12a
99,100100,FA,FKT,AMP,12a
100,100101,FA,FKT,AMP,12a
101,100102,FA,FKT,AMP,12a
102,100103,FA,FKT,AMP,12a
103,100104,FA,FKT,AMP,12a
104,100105,FA,FKT,AMP,12a
105,100106,FA,FKT,AMP,12a
106,100107,FA,FKT,AMP,12a
107,100108,FA,FKT,AMP,12a
108,100109,FA,FKT,AMP,12a
109,100110,FA,FKT,AMP,12a
110,100111,FA,FKT,AMP,12a
111,100112,FA,FKT,AMP,12a
112,100113,FA,FKT,AMP,12a
113,100114,FA,FKT,AMP,12a
114,100115,FA,FKT,AMP,12a
115,100116,FA,FKT,AMP,12a
116,100117,FA,FKT,AMP,12a
117,100118,FA,FKT,AMP,12a
118,100119,FA,FKT,AMP,12a
119,100120,FA,FKT,AMP,12a
120,100121,FA,FKT,AMP,12a
121,100122,FA,FKT,AMP,12a
122,100123,FA,FKT,AMP,12a
123,100124,FA,FKT,AMP,12a
124,100125,FA,FKT,AMP,12a
125,100126,FA,FKT,AMP,12a
126,100127,FA,FKT,AMP,12a
127,100128,FA,FKT,AMP,12a
128,100129,FA,FKT,AMP,12a
129,100130,FA,FKT,AMP,12a
130,100131,FA,FKT,AMP,12a
131,100132,FA,FKT,AMP,12a
132,100133,FA,FKT,AMP,12a
133,100134,FA,FKT,AMP,12a
134,100135,FA,FKT,AMP,12a
135,100136,FA,FKT,AMP,12a
136,100137,FA,FKT,AMP,12a
137,100138,FA,FKT,AMP,12a
138,100139,FA,FKT,AMP,12a
139,100140,FA,FKT,AMP,12a
140,100141,FA,FKT,AMP,12a
141,100142,FA,FKT,AMP,12a
142,100143,FA,FKT,AMP,12a
143,100144,FA,FKT,AMP,12a
144,100145,FA,FKT,AMP,12a
145,100146,FA,FKT,AMP,12a
146,100147,FA,FKT,AMP,12a
147,100148,FA,FKT,AMP,12a
148,100149,FA,FKT,AMP,12a
149,100150,FA,FKT,AMP,12a
150,100151,FA,FKT,AMP,12a
151,100152,FA,FKT,AMP,12a
152,100153,FA,FKT,AMP,12a
153,100154,FA,FKT,AMP,12a
154,100155,FA,FKT,AMP,12a
155,100156,FA,FKT,AMP,12a
156,100157,FA,FKT,AMP,12a
157,100158,FA,FKT,AMP,12a
158,100159,FA,FKT,AMP,12a
159,100160,FA,FKT,AMP,12a
160,100161,FA,FKT,AMP,12a
161,100162,FA,FKT,AMP,12a
162,100163,FA,FKT,AMP,12a
163,100164,FA,FKT,AMP,12a
164,100165,FA,FKT,AMP,12a
165,100166,FA,FKT,AMP,12a
166,100167,FA,FKT,AMP,12a
167,100168,FA,FKT,AMP,12a
168,100169,FA,FKT,AMP,12a
169,100170,FA,FKT,AMP,12a
170,100171,FA,FKT,AMP,12a
171,100172,FA,FKT,AMP,12a
172,100173,FA,FKT,AMP,12a
173,100174,FA,FKT,AMP,12a
174,100175,FA,FKT,AMP,12a
175,100176,FA,FKT,AMP,12a
176,100177,FA,FKT,AMP,12a
177,100178,FA,FKT,AMP,12a
178,100179,FA,FKT,AMP,12a
179,100180,FA,FKT,AMP,12a
180,100181,FA,FKT,AMP,12a
181,100182,FA,FKT,AMP,12a
182,100183,FA,FKT,AMP,12a
183,100184,FA,FKT,AMP,12a
184,100185,FA,FKT,AMP,12a
185,100186,FA,FKT,AMP,12a
186,100187,FA,FKT,AMP,12a
187,100188,FA,FKT,AMP,12a
188,100189,FA,FKT,AMP,12a
189,100190,FA,FKT,AMP,12a
190,100191,FA,FKT,AMP,12a
191,100192,FA,FKT,AMP,12a
192,100193,FA,FKT,AMP,12a
193,100194,FA,FKT,AMP,12a
194,100195,FA,FKT,AMP,12a
195,100196,FA,FKT,AMP,12a
196,100197,FA,NSA,FKT,12d
197,100198,FA,NSA,FKT,12d
198,100199,FA,NSA,FKT,12d
199,100200,FA,NSA,FKT,12d
200,100201,FA,NSA,FKT,12d
201,100202,FA,NSA,FKT,12d
202,100203,FA,NSA,FKT,12d
203,100204,FA,NSA,FKT,12d
204,100205,FA,NSA,FKT,12d
205,100206,FA,NSA,FKT,12d
206,100207,FA,NSA,FKT,12d
207,100208,FA,NSA,FKT,12d
208,100209,FA,NSA,FKT,12d
209,100210,FA,NSA,FKT,12d
210,100211,FA,NSA,FKT,12d
211,100212,FA,NSA,FKT,12d
212,100213,FA,NSA,FKT,12d
213,100214,FA,NSA,FKT,12d
214,100215,FA,NSA,FKT,12d
215,100216,FA,NSA,FKT,12d
216,100217,FA,NSA,FKT,12d
217,100218,FA,NSA,FKT,12d
218,100219,FA,NSA,FKT,12d
219,100220,FA,NSA,FKT,12d
220,100221,FA,NSA,FKT,12d
221,100222,FA,NSA,FKT,12d
222,100223,FA,NSA,FKT,12d
223,100224,FA,NSA,FKT,12d
224,100225,FA,NSA,FKT,12d
225,100226,FA,NSA,FKT,12d
226,100227,FA,NSA,FKT,12d
227,100228,FA,NSA,FKT,12d
228,100229,FA,NSA,FKT,12d
229,100230,FA,NSA,FKT,12d
230,100231,FA,NSA,FKT,12d
231,100232,FA,NSA,FKT,12d
232,100233,FA,NSA,FKT,12d
233,100234,FA,NSA,FKT,12d
234,100235,FA,NSA,FKT,12d
235,100236,FA,NSA,FKT,12d
236,100237,FA,NSA,FKT,12d
237,100238,FA,NSA,FKT,12d
238,100239,FA,NSA,FKT,12d
239,100240,FA,NSA,FKT,12d
240,100241,FA,NSA,FKT,12d
241,100242,FA,NSA,FKT,12d
242,100243,FA,NSA,FKT,12d
243,100244,FA,NSA,FKT,12d
244,100245,FA,NSA,FKT,12d
245,100246,FA,NSA,FKT,12d
246,100247,FA,NSA,FKT,12d
247,100248,FA,NSA,FKT,12d
248,100249,FA,NSA,FKT,12d
249,100250,FA,NSA,FKT,12d
250,100251,FA,NSA,FKT,12d
251,100252,FA,NSA,FKT,12d
252,100253,FA,NSA,FKT,12d
253,100254,FA,NSA,FKT,12d
254,100255,FA,NSA,FKT,12d
255,100256,FA,NSA,FKT,12d
256,100257,FA,NSA,FKT,12d
257,100258,FA,NSA,FKT,12d
258,100259,FA,NSA,FKT,12d
259,100260,FA,NSA,FKT,12d
260,100261,FA,NSA,FKT,12d
261,100262,FA,NSA,FKT,12d
262,100263,FA,NSA,FKT,12d
263,100264,FA,NSA,FKT,12d
264,100265,FA,NSA,FKT,12d
265,100266,FA,NSA,FKT,12d
266,100267,FA,NSA,FKT,12d
267,100268,FA,NSA,FKT,12d
268,100269,FA,NSA,FKT,12d
269,100270,FA,NSA,FKT,12d
270,100271,FA,NSA,FKT,12d
271,100272,FA,NSA,FKT,12d
272,100273,FA,NSA,FKT,12d
273,100274,FA,NSA,FKT,12d
274,100275,FA,NSA,FKT,12d
275,100276,FA,NSA,FKT,12d
276,100277,FA,NSA,FKT,12d
277,100278,FA,NSA,FKT,12d
278,100279,FA,NSA,FKT,12d
279,100280,FA,NSA,FKT,12d
280,100281,FA,NSA,FKT,12d
281,100282,FA,NSA,FKT,12d
282,100283,FA,NSA,FKT,12d
283,100284,FA,NSA,FKT,12d
284,100285,FA,NSA,FKT,12d
285,100286,FA,NSA,FKT,12d
286,100287,FA,NSA,FKT,12d
287,100288,FA,NSA,FKT,12d
288,100289,FA,NSA,FKT,12d
289,100290,FA,NSA,FKT,12d
290,100291,FA,NSA,FKT,12d
291,100292,FA,NSA,FKT,12d
292,100293,FA,NSA,FKT,12d
293,100294,FA,NSA,FKT,12d
294,100295,FA,NSA,FKT,12d
295,100296,FA,NSA,FKT,12d
296,100297,FA,NSA,FKT,12d
297,100298,FA,NSA,FKT,12d
298,100299,FA,NSA,FKT,12d
299,100300,FA,NSA,FKT,12d
300,100301,FA,NSA,FKT,12d
301,100302,FA,NSA,FKT,12d
302,100303,FA,NSA,FKT,12d
303,100304,FA,NSA,FKT,12d
304,100305,FA,NSA,FKT,12d
305,100306,FA,NSA,FKT,12d
306,100307,FA,NSA,FKT,12d
307,100308,FA,NSA,FKT,12d
308,100309,FA,NSA,FKT,12d
309,100310,FA,NSA,FKT,12d
310,100311,FA,NSA,FKT,12d
311,100312,FA,NSA,FKT,12d
312,100313,FA,NSA,FKT,12d
313,100314,FA,NSA,FKT,12d
314,100315,FA,NSA,FKT,12d
315,100316,FA,NSA,FKT,12d
316,100317,FA,NSA,FKT,12d
317,100318,FA,NSA,FKT,12d
318,100319,FA,NSA,FKT,12d
319,100320,FA,NSA,FKT,12d
320,100321,FA,NSA,FKT,12d
321,100322,FA,NSA,FKT,12d
322,100323,FA,NSA,FKT,12d
323,100324,FA,NSA,FKT,12d
324,100325,FA,NSA,FKT,12d
325,100326,FA,NSA,FKT,12d
326,100327,FA,NSA,FKT,12d
327,100328,FA,NSA,FKT,12d
328,100329,FA,NSA,FKT,12d
329,100330,FA,NSA,FKT,12d
330,100331,FA,NSA,FKT,12d
331,100332,FA,NSA,FKT,12d
332,100333,FA,NSA,FKT,12d
333,100334,FA,NSA,FKT,12d
334,100335,FA,NSA,FKT,12d
335,100336,FA,NSA,FKT,12d
336,100337,FA,NSA,FKT,12d
337,100338,FA,NSA,FKT,12d
338,100339,FA,NSA,FKT,12d
339,100340,FA,NSA,FKT,12d
340,100341,FA,NSA,FKT,12d
341,100342,FA,NSA,FKT,12d
342,100343,FA,NSA,FKT,12d
343,100344,FA,NSA,FKT,12d
344,100345,FA,NSA,FKT,12d
345,100346,FA,NSA,FKT,12d
346,100347,FA,NSA,FKT,12d
347,100348,FA,NSA,FKT,12d
348,100349,FA,NSA,AMP,12d
349,100350,FA,NSA,AMP,12d
350,100351,FA,NSA,AMP,12d
351,100352,FA,NSA,AMP,12d
352,100353,FA,NSA,AMP,12d
353,100354,FA,NSA,AMP,12d
354,100355,FA,NSA,AMP,12d
355,100356,FA,NSA,AMP,12d
356,100357,FA,NSA,AMP,12d
357,100358,FA,NSA,AMP,12d
358,100359,FA,NSA,AMP,12d
359,100360,FA,NSA,AMP,12d
360,100361,FA,NSA,AMP,12d
361,100362,FA,NSA,AMP,12d
362,100363,FA,NSA,AMP,12d
363,100364,FA,NSA,AMP,12d
364,100365,FA,AMP,FKT,12a
365,100366,FA,AMP,FKT,12a
366,100367,FA,AMP,FKT,12a
367,100368,FA,AMP,FKT,12a
368,100369,FA,AMP,FKT,12a
369,100370,FA,AMP,FKT,12a
370,100371,FA,AMP,FKT,12a
371,100372,FA,AMP,FKT,12a
372,100373,FA,AMP,FKT,12a
373,100374,FA,AMP,FKT,12a
374,100375,FA,AMP,FKT,12a
375,100376,FA,AMP,FKT,12a
376,100377,FA,AMP,FKT,12a
377,100378,FA,AMP,FKT,12a
378,100379,FA,AMP,FKT,12a
379,100380,FA,AMP,FKT,12a
380,100381,FA,AMP,FKT,12a
381,100382,FA,AMP,FKT,12a
382,100383,FA,AMP,FKT,12a
383,100384,FA,AMP,FKT,12a
384,100385,FA,AMP,FKT,12a
385,100386,FA,AMP,FKT,12a
386,100387,FA,AMP,FKT,12a
387,100388,FA,AMP,FKT,12a
388,100389,FA,AMP,FKT,12a
389,100390,FA,AMP,FKT,12a
390,100391,FA,AMP,FKT,12a
391,100392,FA,AMP,FKT,12a
392,100393,FA,AMP,FKT,12a
393,100394,FA,AMP,FKT,12a
394,100395,FA,AMP,FKT,12a
395,100396,FA,AMP,FKT,12a
396,100397,FA,AMP,FKT,12a
397,100398,FA,AMP,FKT,12a
398,100399,FA,AMP,FKT,12a
399,100400,FA,AMP,FKT,12a
400,100401,FA,AMP,FKT,12a
401,100402,FA,AMP,FKT,12a
402,100403,FA,AMP,FKT,12a
403,100404,FA,AMP,FKT,12a
404,100405,FA,AMP,FKT,12a
405,100406,FA,AMP,FKT,12a
406,100407,FA,AMP,FKT,12a
407,100408,FA,AMP,FKT,12a
408,100409,FA,AMP,FKT,12a
409,100410,FA,AMP,FKT,12a
410,100411,FA,AMP,FKT,12a
411,100412,FA,AMP,FKT,12a
412,100413,FA,AMP,FKT,12a
413,100414,FA,AMP,FKT,12a
414,100415,FA,AMP,FKT,12a
415,100416,FA,AMP,FKT,12a
416,100417,FA,AMP,FKT,12a
417,100418,FA,AMP,FKT,12a
418,100419,FA,AMP,FKT,12a
419,100420,FA,AMP,FKT,12a
420,100421,FA,AMP,FKT,12a
421,100422,FA,AMP,FKT,12a
422,100423,FA,AMP,FKT,12a
423,100424,FA,AMP,FKT,12a
424,100425,FA,AMP,FKT,12a
425,100426,FA,AMP,FKT,12a
426,100427,FA,AMP,FKT,12a
427,100428,FA,AMP,FKT,12a
428,100429,FA,AMP,FKT,12a
429,100430,FA,AMP,FKT,12a
430,100431,FA,AMP,FKT,12a
431,100432,FA,AMP,FKT,12a
432,100433,FA,AMP,FKT,12a
433,100434,FA,AMP,FKT,12a
434,100435,FA,AMP,FKT,12a
435,100436,FA,AMP,FKT,12a
436,100437,FA,AMP,FKT,12a
437,100438,FA,AMP,FKT,12a
438,100439,FA,AMP,FKT,12a
439,100440,FA,AMP,FKT,12a
440,100441,FA,AMP,FKT,12a
441,100442,FA,AMP,FKT,12a
442,100443,FA,AMP,FKT,12a
443,100444,FA,AMP,FKT,12a
444,100445,FA,AMP,FKT,12a
445,100446,FA,AMP,FKT,12a
446,100447,FA,AMP,FKT,12a
447,100448,FA,AMP,FKT,12a
448,100449,FA,AMP,FKT,12a
449,100450,FA,AMP,FKT,12a
450,100451,FA,AMP,FKT,12a
451,100452,FA,AMP,FKT,12a
452,100453,FA,AMP,FKT,12a
453,100454,FA,AMP,NSA,12a
454,100455,FA,AMP,NSA,12a
455,100456,FA,AMP,NSA,12a
456,100457,FA,AMP,NSA,12a
457,100458,FA,AMP,NSA,12a
458,100459,FA,AMP,NSA,12a
459,100460,FA,AMP,NSA,12a
460,100461,FA,AMP,NSA,12a
461,100462,FA,AMP,NSA,12a
462,100463,FA,AMP,NSA,12a
463,100464,FA,AMP,NSA,12a
464,100465,FA,AMP,NSA,12a
465,100466,FA,AMP,NSA,12a
466,100467,FA,AMP,NSA,12a
467,100468,FA,AMP,NSA,12a
468,100469,FA,AMP,NSA,12a
469,100470,GA,FKT,NSA,g72
470,100471,GA,FKT,NSA,g72
471,100472,GA,FKT,NSA,g72
472,100473,GA,FKT,NSA,g72
473,100474,GA,FKT,NSA,g72
474,100475,GA,FKT,NSA,g72
475,100476,GA,FKT,NSA,g72
476,100477,GA,FKT,NSA,g72
477,100478,GA,FKT,NSA,g72
478,100479,GA,FKT,NSA,g72
479,100480,GA,FKT,NSA,g72
480,100481,GA,FKT,NSA,g72
481,100482,GA,FKT,NSA,g72
482,100483,GA,FKT,NSA,g72
483,100484,GA,FKT,NSA,g72
484,100485,GA,FKT,NSA,g72
485,100486,GA,FKT,NSA,g72
486,100487,GA,FKT,NSA,g72
487,100488,GA,FKT,NSA,g72
488,100489,GA,FKT,NSA,g72
489,100490,GA,FKT,NSA,g72
490,100491,GA,FKT,NSA,g72
491,100492,GA,FKT,NSA,g72
492,100493,GA,FKT,NSA,g72
493,100494,GA,FKT,NSA,g72
494,100495,GA,FKT,NSA,g72
495,100496,GA,FKT,NSA,g72
496,100497,GA,FKT,NSA,g72
497,100498,GA,FKT,NSA,g72
498,100499,GA,FKT,NSA,g72
499,100500,GA,FKT,NSA,g72
500,100501,GA,FKT,NSA,g72
501,100502,GA,FKT,NSA,g72
502,100503,GA,FKT,NSA,g72
503,100504,GA,FKT,NSA,g72
504,100505,GA,FKT,NSA,g72
505,100506,GA,FKT,NSA,g72
506,100507,GA,FKT,NSA,g72
507,100508,GA,FKT,NSA,g72
508,100509,GA,FKT,NSA,g72
509,100510,GA,FKT,NSA,g72
510,100511,GA,FKT,NSA,g72
511,100512,GA,FKT,NSA,g72
512,100513,GA,FKT,NSA,g72
513,100514,GA,FKT,NSA,g72
514,100515,GA,FKT,NSA,g72
515,100516,GA,FKT,NSA,g72
516,100517,GA,FKT,NSA,g72
517,100518,GA,FKT,NSA,g72
518,100519,GA,FKT,NSA,g72
519,100520,GA,FKT,NSA,g72
520,100521,GA,FKT,NSA,g72
521,100522,GA,FKT,NSA,g72
522,100523,GA,FKT,NSA,g72
523,100524,GA,FKT,NSA,g72
524,100525,GA,FKT,NSA,g72
525,100526,GA,FKT,NSA,g72
526,100527,GA,FKT,NSA,g72
527,100528,GA,FKT,NSA,g72
528,100529,GA,FKT,NSA,g72
529,100530,GA,FKT,NSA,g72
530,100531,GA,FKT,NSA,g72
531,100532,GA,FKT,NSA,g72
532,100533,GA,FKT,NSA,g72
533,100534,GA,FKT,NSA,g72
534,100535,GA,FKT,NSA,g72
535,100536,GA,FKT,NSA,g72
536,100537,GA,FKT,NSA,g72
537,100538,GA,FKT,NSA,g72
538,100539,GA,FKT,NSA,g72
539,100540,GA,FKT,NSA,g72
540,100541,GA,FKT,NSA,g72
541,100542,GA,FKT,NSA,g72
542,100543,GA,FKT,NSA,g72
543,100544,GA,FKT,NSA,g72
544,100545,GA,FKT,NSA,g72
545,100546,GA,FKT,NSA,g72
546,100547,GA,FKT,NSA,g72
547,100548,GA,FKT,NSA,g72
548,100549,GA,FKT,NSA,g72
549,100550,GA,FKT,NSA,g72
550,100551,GA,FKT,NSA,g72
551,100552,GA,FKT,NSA,g72
552,100553,GA,FKT,NSA,g72
553,100554,GA,FKT,NSA,g72
554,100555,GA,FKT,NSA,g72
555,100556,GA,FKT,NSA,g72
556,100557,GA,FKT,NSA,g72
557,100558,GA,FKT,NSA,g72
558,100559,GA,FKT,NSA,g72
559,100560,GA,FKT,NSA,g72
560,100561,GA,FKT,NSA,g72
561,100562,GA,FKT,NSA,g72
562,100563,GA,FKT,NSA,g72
563,100564,GA,FKT,NSA,g72
564,100565,GA,FKT,NSA,g72
565,100566,GA,FKT,NSA,g72
566,100567,GA,FKT,NSA,g72
567,100568,GA,FKT,NSA,g72
568,100569,GA,FKT,NSA,g72
569,100570,GA,FKT,NSA,g72
570,100571,GA,FKT,NSA,g72
571,100572,GA,FKT,NSA,g72
572,100573,GA,FKT,NSA,g72
573,100574,GA,FKT,NSA,g72
574,100575,GA,FKT,NSA,g72
575,100576,GA,FKT,NSA,g72
576,100577,GA,FKT,NSA,g72
577,100578,GA,FKT,AA,g72
578,100579,GA,FKT,AA,g72
579,100580,GA,FKT,AA,g72
580,100581,GA,FKT,AA,g72
581,100582,GA,FKT,AA,g72
582,100583,GA,FKT,AA,g72
583,100584,GA,FKT,AA,g72
584,100585,GA,FKT,AA,g72
585,100586,GA,FKT,AA,g72
586,100587,GA,FKT,AA,g72
587,100588,GA,FKT,AA,g72
588,100589,GA,FKT,AA,g72
589,100590,GA,FKT,AA,g72
590,100591,GA,NSA,FKT,g72
591,100592,GA,NSA,FKT,g72
592,100593,GA,NSA,FKT,g72
593,100594,GA,NSA,FKT,g72
594,100595,GA,NSA,FKT,g72
595,100596,GA,NSA,FKT,g72
596,100597,GA,NSA,FKT,g72
597,100598,GA,NSA,FKT,g72
598,100599,GA,NSA,FKT,g72
599,100600,GA,NSA,FKT,g72
600,100601,GA,NSA,FKT,g72
601,100602,GA,NSA,FKT,g72
602,100603,GA,NSA,FKT,g72
603,100604,GA,NSA,FKT,g72
604,100605,GA,NSA,FKT,g72
605,100606,GA,NSA,FKT,g72
606,100607,GA,NSA,FKT,g72
607,100608,GA,NSA,FKT,g72
608,100609,GA,NSA,FKT,g72
609,100610,GA,NSA,FKT,g72
610,100611,GA,NSA,FKT,g72
611,100612,GA,NSA,FKT,g72
612,100613,GA,NSA,FKT,g72
613,100614,GA,NSA,FKT,g72
614,100615,GA,NSA,FKT,g72
615,100616,GA,NSA,FKT,g72
616,100617,GA,NSA,FKT,g72
617,100618,GA,NSA,FKT,g72
618,100619,GA,NSA,FKT,g72
619,100620,GA,NSA,FKT,g72
620,100621,GA,NSA,FKT,g72
621,100622,GA,NSA,FKT,g72
622,100623,GA,NSA,FKT,g72
623,100624,GA,NSA,FKT,g72
624,100625,GA,NSA,FKT,g72
625,100626,GA,NSA,FKT,g72
626,100627,GA,NSA,FKT,g72
627,100628,GA,NSA,FKT,g72
628,100629,GA,NSA,FKT,g72
629,100630,GA,NSA,FKT,g72
630,100631,GA,NSA,FKT,g72
631,100632,GA,NSA,FKT,g72
632,100633,GA,NSA,FKT,g72
633,100634,GA,NSA,FKT,g72
634,100635,GA,NSA,FKT,g72
635,100636,GA,NSA,FKT,g72
636,100637,GA,NSA,FKT,g72
637,100638,GA,NSA,FKT,g72
638,100639,GA,NSA,FKT,g72
639,100640,GA,NSA,FKT,g72
640,100641,GA,NSA,FKT,g72
641,100642,GA,NSA,FKT,g72
642,100643,GA,NSA,FKT,g72
643,100644,GA,NSA,FKT,g72
644,100645,GA,NSA,FKT,g72
645,100646,GA,NSA,FKT,g72
646,100647,GA,NSA,FKT,g72
647,100648,GA,NSA,FKT,g72
648,100649,GA,NSA,FKT,g72
649,100650,GA,NSA,FKT,g72
650,100651,GA,NSA,FKT,g72
651,100652,GA,NSA,FKT,g72
652,100653,GA,NSA,FKT,g72
653,100654,GA,NSA,FKT,g72
654,100655,GA,NSA,FKT,g72
655,100656,GA,NSA,FKT,g72
656,100657,GA,NSA,FKT,g72
657,100658,GA,NSA,FKT,g72
658,100659,GA,NSA,FKT,g72
659,100660,GA,NSA,FKT,g72
660,100661,GA,NSA,FKT,g72
661,100662,GA,NSA,FKT,g72
662,100663,GA,NSA,FKT,g72
663,100664,GA,NSA,FKT,g72
664,100665,GA,NSA,FKT,g72
665,100666,GA,NSA,FKT,g72
666,100667,GA,NSA,FKT,g72
667,100668,GA,NSA,FKT,g72
668,100669,GA,NSA,FKT,g72
669,100670,GA,NSA,FKT,g72
670,100671,GA,NSA,FKT,g72
671,100672,GA,NSA,FKT,g72
672,100673,GA,NSA,FKT,g72
673,100674,GA,NSA,FKT,g72
674,100675,GA,NSA,FKT,g72
675,100676,GA,NSA,FKT,g72
676,100677,GA,NSA,FKT,g72
677,100678,GA,NSA,FKT,g72
678,100679,GA,NSA,FKT,g72
679,100680,GA,NSA,FKT,g72
680,100681,GA,NSA,FKT,g72
681,100682,GA,NSA,FKT,g72
682,100683,GA,NSA,FKT,g72
683,100684,GA,NSA,FKT,g72
684,100685,GA,NSA,FKT,g72
685,100686,GA,NSA,FKT,g72
686,100687,GA,NSA,FKT,g72
687,100688,GA,NSA,FKT,g72
688,100689,GA,NSA,FKT,g72
689,100690,GA,NSA,FKT,g72
690,100691,GA,NSA,FKT,g72
691,100692,GA,NSA,FKT,g72
692,100693,GA,NSA,FKT,g72
693,100694,GA,NSA,FKT,g72
694,100695,GA,NSA,FKT,g72
695,100696,GA,NSA,FKT,g72
696,100697,GA,NSA,FKT,g72
697,100698,GA,NSA,FKT,g72
698,100699,GA,NSA,FKT,g72
699,100700,GA,NSA,FKT,g72
700,100701,GA,NSA,FKT,g72
701,100702,GA,NSA,FKT,g72
702,100703,GA,NSA,FKT,g72
703,100704,GA,NSA,FKT,g72
704,100705,GA,NSA,FKT,g72
705,100706,GA,NSA,FKT,g72
706,100707,GA,NSA,FKT,g72
707,100708,GA,NSA,FKT,g72
708,100709,GA,NSA,FKT,g72
709,100710,GA,NSA,FKT,g72
710,100711,GA,NSA,FKT,g72
711,100712,GA,NSA,FKT,g72
712,100713,GA,NSA,FKT,g72
713,100714,GA,NSA,FKT,g72
714,100715,GA,NSA,FKT,g72
715,100716,GA,NSA,FKT,g72
716,100717,GA,NSA,FKT,g72
717,100718,GA,NSA,FKT,g72
718,100719,GA,NSA,FKT,g72
719,100720,GA,NSA,FKT,g72
720,100721,GA,NSA,FKT,g72
721,100722,GA,NSA,FKT,g72
722,100723,GA,NSA,FKT,g72
723,100724,GA,NSA,FKT,g72
724,100725,GA,NSA,FKT,g72
725,100726,GA,NSA,FKT,g72
726,100727,GA,NSA,FKT,g72
727,100728,GA,NSA,FKT,g72
728,100729,GA,NSA,FKT,g72
729,100730,GA,NSA,FKT,g72
730,100731,GA,NSA,FKT,g72
731,100732,GA,NSA,FKT,g72
732,100733,GA,NSA,FKT,g72
733,100734,GA,NSA,FKT,g72
734,100735,GA,NSA,FKT,g72
735,100736,GA,NSA,FKT,g72
736,100737,GA,NSA,FKT,g72
737,100738,GA,NSA,FKT,g72
738,100739,GA,NSA,FKT,g72
739,100740,GA,NSA,FKT,g72
740,100741,GA,NSA,FKT,g72
741,100742,GA,NSA,FKT,g72
742,100743,GA,NSA,FKT,g72
743,100744,GA,NSA,FKT,g72
744,100745,GA,NSA,FKT,g72
745,100746,GA,NSA,FKT,g72
746,100747,GA,NSA,FKT,g72
747,100748,GA,NSA,FKT,g72
748,100749,GA,NSA,FKT,g72
749,100750,GA,NSA,FKT,g72
750,100751,GA,NSA,FKT,g72
751,100752,GA,NSA,FKT,g72
752,100753,GA,NSA,FKT,g72
753,100754,GA,NSA,FKT,g72
754,100755,GA,NSA,FKT,g72
755,100756,GA,NSA,FKT,g72
756,100757,GA,NSA,FKT,g72
757,100758,GA,NSA,FKT,g72
758,100759,GA,NSA,FKT,g72
759,100760,GA,NSA,FKT,g72
760,100761,GA,NSA,FKT,g72
761,100762,GA,NSA,FKT,g72
762,100763,GA,NSA,FKT,g72
763,100764,GA,NSA,FKT,g72
764,100765,GA,NSA,FKT,g72
765,100766,GA,NSA,FKT,g72
766,100767,GA,NSA,FKT,g72
767,100768,GA,NSA,FKT,g72
768,100769,GA,NSA,FKT,g72
769,100770,GA,NSA,FKT,g72
770,100771,GA,NSA,FKT,g72
771,100772,GA,NSA,FKT,g72
772,100773,GA,NSA,FKT,g72
773,100774,GA,NSA,FKT,g72
774,100775,GA,NSA,FKT,g72
775,100776,GA,NSA,FKT,g72
776,100777,GA,NSA,FKT,g72
777,100778,GA,NSA,FKT,g72
778,100779,GA,NSA,FKT,g72
779,100780,GA,NSA,FKT,g72
780,100781,GA,NSA,FKT,g72
781,100782,GA,NSA,FKT,g72
782,100783,GA,NSA,FKT,g72
783,100784,GA,NSA,FKT,g72
784,100785,GA,NSA,FKT,g72
785,100786,GA,NSA,FKT,g72
786,100787,GA,NSA,FKT,g72
787,100788,GA,NSA,FKT,g72
788,100789,GA,NSA,FKT,g72
789,100790,GA,NSA,FKT,g72
790,100791,GA,NSA,FKT,g72
791,100792,GA,NSA,FKT,g72
792,100793,GA,NSA,FKT,g72
793,100794,GA,NSA,FKT,g72
794,100795,GA,NSA,FKT,g72
795,100796,GA,NSA,FKT,g72
796,100797,GA,NSA,FKT,g72
797,100798,GA,NSA,FKT,g72
798,100799,GA,NSA,FKT,g72
799,100800,GA,NSA,FKT,g72
800,100801,GA,NSA,FKT,g72
801,100802,GA,NSA,FKT,g72
802,100803,GA,NSA,FKT,g72
803,100804,GA,NSA,FKT,g72
804,100805,GA,NSA,FKT,g72
805,100806,GA,NSA,FKT,g72
806,100807,GA,NSA,FKT,g72
807,100808,GA,NSA,FKT,g72
808,100809,GA,NSA,FKT,g72
809,100810,GA,NSA,FKT,g72
810,100811,GA,NSA,FKT,g72
811,100812,GA,NSA,FKT,g72
812,100813,GA,NSA,FKT,g72
813,100814,GA,NSA,FKT,g72
814,100815,GA,NSA,FKT,g72
815,100816,GA,NSA,FKT,g72
816,100817,GA,NSA,FKT,g72
817,100818,GA,NSA,FKT,g72
818,100819,GA,NSA,FKT,g72
819,100820,GA,NSA,FKT,g72
820,100821,GA,NSA,FKT,g72
821,100822,GA,NSA,FKT,g72
822,100823,GA,NSA,FKT,g72
823,100824,GA,NSA,FKT,g72
824,100825,GA,NSA,FKT,g72
825,100826,GA,NSA,FKT,g72
826,100827,GA,NSA,FKT,g72
827,100828,GA,NSA,FKT,g72
828,100829,GA,NSA,FKT,g72
829,100830,GA,NSA,FKT,g72
830,100831,GA,NSA,FKT,g72
831,100832,GA,NSA,FKT,g72
832,100833,GA,NSA,FKT,g72
833,100834,GA,NSA,FKT,g72
834,100835,GA,NSA,FKT,g72
835,100836,GA,NSA,FKT,g72
836,100837,GA,NSA,FKT,g72
837,100838,GA,NSA,FKT,g72
838,100839,GA,NSA,FKT,g72
839,100840,GA,NSA,FKT,g72
840,100841,GA,NSA,FKT,g72
841,100842,GA,NSA,FKT,g72
842,100843,GA,NSA,FKT,g72
843,100844,GA,NSA,FKT,g72
844,100845,GA,NSA,FKT,g72
845,100846,GA,NSA,FKT,g72
846,100847,GA,NSA,FKT,g72
847,100848,GA,NSA,FKT,g72
848,100849,GA,NSA,FKT,g72
849,100850,GA,NSA,FKT,g72
850,100851,GA,NSA,FKT,g72
851,100852,GA,NSA,FKT,g72
852,100853,GA,NSA,FKT,g72
853,100854,GA,NSA,FKT,g72
854,100855,GA,NSA,FKT,g72
855,100856,GA,NSA,FKT,g72
856,100857,GA,NSA,FKT,g72
857,100858,GA,NSA,FKT,g72
858,100859,GA,NSA,FKT,g72
859,100860,GA,NSA,FKT,g72
860,100861,GA,NSA,FKT,g72
861,100862,GA,NSA,FKT,g72
862,100863,GA,NSA,FKT,g72
863,100864,GA,NSA,FKT,g72
864,100865,GA,NSA,FKT,g72
865,100866,GA,NSA,FKT,g72
866,100867,GA,NSA,FKT,g72
867,100868,GA,NSA,FKT,g72
868,100869,GA,NSA,FKT,g72
869,100870,GA,NSA,FKT,g72
870,100871,GA,NSA,FKT,g72
871,100872,GA,NSA,FKT,g72
872,100873,GA,NSA,FKT,g72
873,100874,GA,NSA,FKT,g72
874,100875,GA,NSA,FKT,g72
875,100876,GA,NSA,FKT,g72
876,100877,GA,NSA,FKT,g72
877,100878,GA,NSA,FKT,g72
878,100879,GA,NSA,FKT,g72
879,100880,GA,NSA,FKT,g72
880,100881,GA,NSA,FKT,g72
881,100882,GA,NSA,FKT,g72
882,100883,GA,NSA,FKT,g72
883,100884,GA,NSA,FKT,g72
884,100885,GA,NSA,FKT,g72
885,100886,GA,NSA,FKT,g72
886,100887,GA,NSA,FKT,g72
887,100888,GA,NSA,FKT,g72
888,100889,GA,NSA,FKT,g72
889,100890,GA,NSA,FKT,g72
890,100891,GA,NSA,FKT,g72
891,100892,GA,NSA,FKT,g72
892,100893,GA,NSA,FKT,g72
893,100894,GA,NSA,FKT,g72
894,100895,GA,NSA,FKT,g72
895,100896,GA,NSA,FKT,g72
896,100897,GA,NSA,FKT,g72
897,100898,GA,NSA,FKT,g72
898,100899,GA,NSA,FKT,g72
899,100900,GA,NSA,FKT,g72
900,100901,GA,NSA,FKT,g72
901,100902,GA,NSA,FKT,g72
902,100903,GA,NSA,FKT,g72
903,100904,GA,NSA,FKT,g72
904,100905,GA,NSA,FKT,g72
905,100906,GA,NSA,FKT,g72
906,100907,GA,NSA,FKT,g72
907,100908,GA,NSA,FKT,g72
908,100909,GA,NSA,FKT,g72
909,100910,GA,NSA,FKT,g72
910,100911,GA,NSA,FKT,g72
911,100912,GA,NSA,FKT,g72
912,100913,GA,NSA,FKT,g72
913,100914,GA,NSA,FKT,g72
914,100915,GA,NSA,FKT,g72
915,100916,GA,NSA,FKT,g72
916,100917,GA,NSA,FKT,g72
917,100918,GA,NSA,FKT,g72
918,100919,GA,NSA,FKT,g72
919,100920,GA,NSA,FKT,g72
920,100921,GA,NSA,FKT,g72
921,100922,GA,NSA,FKT,g72
922,100923,GA,NSA,FKT,g72
923,100924,GA,NSA,FKT,g72
924,100925,GA,NSA,FKT,g72
925,100926,GA,NSA,FKT,g72
926,100927,GA,NSA,FKT,g72
927,100928,GA,NSA,FKT,g72
928,100929,GA,NSA,FKT,g72
929,100930,GA,NSA,FKT,g72
930,100931,GA,NSA,FKT,g72
931,100932,GA,NSA,FKT,g72
932,100933,GA,NSA,FKT,g72
933,100934,GA,NSA,FKT,g72
934,100935,GA,NSA,FKT,g72
935,100936,GA,NSA,FKT,g72
936,100937,GA,NSA,FKT,g72
937,100938,GA,NSA,FKT,g72
938,100939,GA,NSA,FKT,g72
939,100940,GA,NSA,FKT,g72
940,100941,GA,NSA,FKT,g72
941,100942,GA,NSA,FKT,g72
942,100943,GA,NSA,FKT,g72
943,100944,GA,NSA,FKT,g72
944,100945,GA,NSA,FKT,g72
945,100946,GA,NSA,FKT,g72
946,100947,GA,NSA,FKT,g72
947,100948,GA,NSA,FKT,g72
948,100949,GA,NSA,FKT,g72
949,100950,GA,NSA,FKT,g72
950,100951,GA,NSA,FKT,g72
951,100952,GA,NSA,FKT,g72
952,100953,GA,NSA,FKT,g72
953,100954,GA,NSA,FKT,g72
954,100955,GA,NSA,FKT,g72
955,100956,GA,NSA,FKT,g72
956,100957,GA,NSA,FKT,g72
957,100958,GA,NSA,FKT,g72
958,100959,GA,NSA,FKT,g72
959,100960,GA,NSA,FKT,g72
960,100961,GA,NSA,FKT,g72
961,100962,GA,NSA,FKT,g72
962,100963,GA,NSA,FKT,g72
963,100964,GA,NSA,FKT,g72
964,100965,GA,NSA,FKT,g72
965,100966,GA,NSA,FKT,g72
966,100967,GA,NSA,FKT,g72
967,100968,GA,NSA,FKT,g72
968,100969,GA,NSA,FKT,g72
969,100970,GA,NSA,FKT,g72
970,100971,GA,NSA,FKT,g72
971,100972,GA,NSA,FKT,g72
972,100973,GA,NSA,FKT,g72
973,100974,GA,NSA,FKT,g72
974,100975,GA,NSA,FKT,g72
975,100976,GA,NSA,FKT,g72
976,100977,GA,NSA,FKT,g72
977,100978,GA,NSA,FKT,g72
978,100979,GA,NSA,FKT,g72
979,100980,GA,NSA,FKT,g72
980,100981,GA,NSA,FKT,g72
981,100982,GA,NSA,FKT,g72
982,100983,GA,NSA,FKT,g72
983,100984,GA,NSA,FKT,g72
984,100985,GA,NSA,FKT,g72
985,100986,GA,NSA,FKT,g72
986,100987,GA,NSA,FKT,g72
987,100988,GA,NSA,FKT,g72
988,100989,GA,NSA,FKT,g72
989,100990,GA,NSA,FKT,g72
990,100991,GA,NSA,FKT,g72
991,100992,GA,NSA,FKT,g72
992,100993,GA,NSA,FKT,g72
993,100994,GA,NSA,FKT,g72
994,100995,GA,NSA,FKT,g72
995,100996,GA,NSA,FKT,g72
996,100997,GA,NSA,FKT,g72
997,100998,GA,NSA,FKT,g72
998,100999,GA,NSA,FKT,g72
999,101000,GA,NSA,FKT,g72
1000,101001,GA,NSA,FKT,g72
1001,101002,GA,NSA,FKT,g72
1002,101003,GA,NSA,FKT,g72
1003,101004,GA,NSA,FKT,g72
1004,101005,GA,NSA,FKT,g72
1005,101006,GA,NSA,FKT,g72
1006,101007,GA,NSA,FKT,g72
1007,101008,GA,NSA,FKT,g72
1008,101009,GA,NSA,FKT,g72
1009,101010,GA,NSA,FKT,g72
1010,101011,GA,NSA,FKT,g72
1011,101012,GA,NSA,FKT,g72
1012,101013,GA,NSA,FKT,g72
1013,101014,GA,NSA,FKT,g72
1014,101015,GA,NSA,FKT,g72
1015,101016,GA,NSA,FKT,g72
1016,101017,GA,NSA,FKT,g72
1017,101018,GA,NSA,FKT,g72
1018,101019,GA,NSA,FKT,g72
1019,101020,GA,NSA,FKT,g72
1020,101021,GA,NSA,FKT,g72
1021,101022,GA,NSA,FKT,g72
1022,101023,GA,NSA,FKT,g72
1023,101024,GA,NSA,FKT,g72
1024,101025,GA,NSA,FKT,g72
1025,101026,GA,NSA,FKT,g72
1026,101027,GA,NSA,FKT,g72
1027,101028,GA,NSA,FKT,g72
1028,101029,GA,NSA,FKT,g72
1029,101030,GA,NSA,FKT,g72
1030,101031,GA,NSA,FKT,g72
1031,101032,GA,NSA,FKT,g72
1032,101033,GA,NSA,FKT,g72
1033,101034,GA,NSA,FKT,g72
1034,101035,GA,NSA,FKT,g72
1035,101036,GA,NSA,FKT,g72
1036,101037,GA,NSA,FKT,g72
1037,101038,GA,NSA,FKT,g72
1038,101039,GA,NSA,FKT,g72
1039,101040,GA,NSA,FKT,g72
1040,101041,GA,NSA,FKT,g72
1041,101042,GA,NSA,FKT,g72
1042,101043,GA,NSA,FKT,g72
1043,101044,GA,NSA,FKT,g72
1044,101045,GA,NSA,FKT,g72
1045,101046,GA,NSA,FKT,g72
1046,101047,GA,NSA,FKT,g72
1047,101048,GA,NSA,FKT,g72
1048,101049,GA,NSA,FKT,g72
1049,101050,GA,NSA,FKT,g72
1050,101051,GA,NSA,FKT,g72
1051,101052,GA,NSA,FKT,g72
1052,101053,GA,NSA,FKT,g72
1053,101054,GA,NSA,FKT,g72
1054,101055,GA,NSA,FKT,g72
1055,101056,GA,NSA,FKT,g72
1056,101057,GA,NSA,FKT,g72
1057,101058,GA,NSA,FKT,g72
1058,101059,GA,NSA,FKT,g72
1059,101060,GA,NSA,FKT,g72
1060,101061,GA,NSA,FKT,g72
1061,101062,GA,NSA,FKT,g72
1062,101063,GA,NSA,FKT,g72
1063,101064,GA,NSA,FKT,g72
1064,101065,GA,NSA,FKT,g72
1065,101066,GA,NSA,FKT,g72
1066,101067,GA,NSA,FKT,g72
1067,101068,GA,NSA,FKT,g72
1068,101069,GA,NSA,FKT,g72
1069,101070,GA,NSA,FKT,g72
1070,101071,GA,NSA,FKT,g72
1071,101072,GA,NSA,FKT,g72
1072,101073,GA,NSA,FKT,g72
1073,101074,GA,NSA,FKT,g72
1074,101075,GA,NSA,FKT,g72
1075,101076,GA,NSA,FKT,g72
1076,101077,GA,NSA,FKT,g72
1077,101078,GA,NSA,FKT,g72
1078,101079,GA,NSA,FKT,g72
1079,101080,GA,NSA,FKT,g72
1080,101081,GA,NSA,FKT,g72
1081,101082,GA,NSA,FKT,g72
1082,101083,GA,NSA,FKT,g72
1083,101084,GA,NSA,FKT,g72
1084,101085,GA,NSA,FKT,g72
1085,101086,GA,NSA,FKT,g72
1086,101087,GA,NSA,FKT,g72
1087,101088,GA,NSA,FKT,g72
1088,101089,GA,NSA,FKT,g72
1089,101090,GA,NSA,FKT,g72
1090,101091,GA,NSA,FKT,g72
1091,101092,GA,NSA,FKT,g72
1092,101093,GA,NSA,FKT,g72
1093,101094,GA,NSA,FKT,g72
1094,101095,GA,NSA,FKT,g72
1095,101096,GA,NSA,FKT,g72
1096,101097,GA,NSA,FKT,g72
1097,101098,GA,NSA,FKT,g72
1098,101099,GA,NSA,FKT,g72
1099,101100,GA,NSA,FKT,g72
1100,101101,GA,NSA,FKT,g72
1101,101102,GA,NSA,FKT,g72
1102,101103,GA,NSA,FKT,g72
1103,101104,GA,NSA,FKT,g72
1104,101105,GA,NSA,FKT,g72
1105,101106,GA,NSA,FKT,g72
1106,101107,GA,NSA,FKT,g72
1107,101108,GA,NSA,FKT,g72
1108,101109,GA,NSA,FKT,g72
1109,101110,GA,NSA,FKT,g72
1110,101111,GA,NSA,FKT,g72
1111,101112,GA,NSA,FKT,g72
1112,101113,GA,NSA,FKT,g72
1113,101114,GA,NSA,FKT,g72
1114,101115,GA,NSA,FKT,g72
1115,101116,GA,NSA,FKT,g72
1116,101117,GA,NSA,FKT,g72
1117,101118,GA,NSA,FKT,g72
1118,101119,GA,NSA,FKT,g72
1119,101120,GA,NSA,FKT,g72
1120,101121,GA,NSA,FKT,g72
1121,101122,GA,NSA,FKT,g72
1122,101123,GA,NSA,FKT,g72
1123,101124,GA,NSA,FKT,g72
1124,101125,GA,NSA,FKT,g72
1125,101126,GA,NSA,FKT,g72
1126,101127,GA,NSA,FKT,g72
1127,101128,GA,NSA,FKT,g72
1128,101129,GA,NSA,FKT,g72
1129,101130,GA,NSA,FKT,g72
1130,101131,GA,NSA,FKT,g72
1131,101132,GA,NSA,FKT,g72
1132,101133,GA,NSA,FKT,g72
1133,101134,GA,NSA,FKT,g72
1134,101135,GA,NSA,FKT,g72
1135,101136,GA,NSA,FKT,g72
1136,101137,GA,NSA,FKT,g72
1137,101138,GA,NSA,FKT,g72
1138,101139,GA,NSA,FKT,g72
1139,101140,GA,NSA,FKT,g72
1140,101141,GA,NSA,FKT,g72
1141,101142,GA,NSA,AMP,g72
1142,101143,GA,NSA,AMP,g72
1143,101144,GA,NSA,AMP,g72
1144,101145,GA,NSA,AMP,g72
1145,101146,GA,NSA,AMP,g72
1146,101147,GA,NSA,AMP,g72
1147,101148,GA,NSA,AMP,g72
1148,101149,GA,NSA,AMP,g72
1149,101150,GA,NSA,AMP,g72
1150,101151,GA,NSA,AMP,g72
1151,101152,GA,NSA,AMP,g72
1152,101153,GA,NSA,AMP,g72
1153,101154,GA,NSA,AMP,g72
1154,101155,GA,NSA,AMP,g72
1155,101156,GA,NSA,AMP,g72
1156,101157,GA,NSA,AMP,g72
1157,101158,GA,NSA,AMP,g72
1158,101159,GA,NSA,AMP,g72
1159,101160,GA,NSA,AMP,g72
1160,101161,GA,NSA,AMP,g72
1161,101162,GA,NSA,AMP,g72
1162,101163,GA,NSA,AMP,g72
1163,101164,GA,NSA,AMP,g72
1164,101165,GA,NSA,AMP,g72
1165,101166,GA,NSA,AMP,g72
1166,101167,GA,NSA,AMP,g72
1167,101168,GA,NSA,AMP,g72
1168,101169,GA,NSA,AMP,g72
1169,101170,GA,NSA,AMP,g72
1170,101171,GA,NSA,AMP,g72
1171,101172,GA,NSA,AMP,g72
1172,101173,GA,NSA,AMP,g72
1173,101174,GA,NSA,AMP,g72
1174,101175,GA,NSA,AMP,g72
1175,101176,GA,NSA,AMP,g72
1176,101177,GA,NSA,AMP,g72
1177,101178,GA,NSA,AMP,g72
1178,101179,GA,NSA,AMP,g72
1179,101180,GA,NSA,AMP,g72
1180,101181,GA,NSA,AMP,g72
1181,101182,GA,NSA,AMP,g72
1182,101183,GA,NSA,AMP,g72
1183,101184,GA,NSA,AMP,g72
1184,101185,GA,NSA,AMP,g72
1185,101186,GA,NSA,AMP,g72
1186,101187,GA,NSA,AMP,g72
1187,101188,GA,NSA,AMP,g72
1188,101189,GA,NSA,AMP,g72
1189,101190,GA,NSA,AMP,g72
1190,101191,GA,NSA,AMP,g72
1191,101192,GA,NSA,AMP,g72
1192,101193,GA,NSA,AMP,g72
1193,101194,GA,NSA,AMP,g72
1194,101195,GA,NSA,AMP,g72
1195,101196,GA,NSA,AMP,g72
1196,101197,GA,NSA,AMP,g72
1197,101198,GA,NSA,AMP,g72
1198,101199,GA,NSA,AMP,g72
1199,101200,GA,NSA,AMP,g72
1200,101201,GA,NSA,AMP,g72
1201,101202,GA,NSA,AMP,g72
1202,101203,GA,NSA,AMP,g72
1203,101204,GA,NSA,AMP,g72
1204,101205,GA,NSA,AMP,g72
1205,101206,GA,NSA,AMP,g72
1206,101207,GA,NSA,AMP,g72
1207,101208,GA,NSA,AMP,g72
1208,101209,GA,NSA,AMP,g72
1209,101210,GA,NSA,AMP,g72
1210,101211,GA,NSA,AMP,g72
1211,101212,GA,NSA,AMP,g72
1212,101213,GA,NSA,AMP,g72
1213,101214,GA,NSA,AMP,g72
1214,101215,GA,NSA,AMP,g72
1215,101216,GA,NSA,AMP,g72
1216,101217,GA,NSA,AMP,g72
1217,101218,GA,NSA,AMP,g72
1218,101219,GA,NSA,AMP,g72
1219,101220,GA,NSA,AMP,g72
1220,101221,GA,NSA,AMP,g72
1221,101222,GA,NSA,AMP,g72
1222,101223,GA,NSA,AMP,g72
1223,101224,GA,NSA,AMP,g72
1224,101225,GA,NSA,AMP,g72
1225,101226,GA,NSA,AMP,g72
1226,101227,GA,NSA,AMP,g72
1227,101228,GA,NSA,AMP,g72
1228,101229,GA,NSA,AMP,g72
1229,101230,GA,NSA,AMP,g72
1230,101231,GA,NSA,AMP,g72
1231,101232,GA,NSA,AMP,g72
1232,101233,GA,NSA,AMP,g72
1233,101234,GA,NSA,AMP,g72
1234,101235,GA,NSA,AMP,g72
1235,101236,GA,NSA,AMP,g72
1236,101237,GA,NSA,AMP,g72
1237,101238,GA,NSA,AMP,g72
1238,101239,GA,NSA,AMP,g72
1239,101240,GA,NSA,AMP,g72
1240,101241,GA,NSA,AMP,g72
1241,101242,GA,NSA,AMP,g72
1242,101243,GA,NSA,AMP,g72
1243,101244,GA,NSA,AMP,g72
1244,101245,GA,NSA,AMP,g72
1245,101246,GA,NSA,AMP,g72
1246,101247,GA,NSA,AMP,g72
1247,101248,GA,NSA,AMP,g72
1248,101249,GA,NSA,AMP,g72
1249,101250,GA,NSA,AMP,g72
1250,101251,GA,NSA,AMP,g72
1251,101252,GA,NSA,AMP,g72
1252,101253,GA,NSA,AMP,g72
1253,101254,GA,NSA,AMP,g72
1254,101255,GA,NSA,AMP,g72
1255,101256,GA,NSA,AMP,g72
1256,101257,GA,NSA,AMP,g72
1257,101258,GA,NSA,AMP,g72
1258,101259,GA,NSA,AMP,g72
1259,101260,GA,NSA,AMP,g72
1260,101261,GA,NSA,AMP,g72
1261,101262,GA,NSA,AMP,g72
1262,101263,GA,NSA,AMP,g72
1263,101264,GA,NSA,AMP,g72
1264,101265,GA,NSA,AMP,g72
1265,101266,GA,NSA,AMP,g72
1266,101267,GA,NSA,AMP,g72
1267,101268,GA,NSA,AMP,g72
1268,101269,GA,NSA,AMP,g72
1269,101270,GA,NSA,AMP,g72
1270,101271,GA,NSA,AMP,g72
1271,101272,GA,NSA,AMP,g72
1272,101273,GA,NSA,AMP,g72
1273,101274,GA,NSA,AMP,g72
1274,101275,GA,NSA,AMP,g72
1275,101276,GA,NSA,AMP,g72
1276,101277,GA,NSA,AMP,g72
1277,101278,GA,NSA,AMP,g72
1278,101279,GA,NSA,AMP,g72
1279,101280,GA,NSA,AMP,g72
1280,101281,GA,NSA,AMP,g72
1281,101282,GA,NSA,AMP,g72
1282,101283,GA,NSA,AMP,g72
1283,101284,GA,NSA,AMP,g72
1284,101285,GA,NSA,AMP,g72
1285,101286,GA,NSA,AMP,g72
1286,101287,GA,NSA,AMP,g72
1287,101288,GA,NSA,AMP,g72
1288,101289,GA,NSA,AMP,g72
1289,101290,GA,NSA,AMP,g72
1290,101291,GA,NSA,AMP,g72
1291,101292,GA,NSA,AMP,g72
1292,101293,GA,NSA,AMP,g72
1293,101294,GA,NSA,AMP,g72
1294,101295,GA,NSA,AMP,g72
1295,101296,GA,NSA,AMP,g72
1296,101297,GA,NSA,AMP,g72
1297,101298,GA,NSA,AMP,g72
1298,101299,GA,NSA,AMP,g72
1299,101300,GA,NSA,AMP,g72
1300,101301,GA,NSA,AMP,g72
1301,101302,GA,NSA,AMP,g72
1302,101303,GA,NSA,AMP,g72
1303,101304,GA,NSA,AMP,g72
1304,101305,GA,NSA,AMP,g72
1305,101306,GA,NSA,AMP,g72
1306,101307,GA,NSA,AMP,g72
1307,101308,GA,NSA,AMP,g72
1308,101309,GA,NSA,AMP,g72
1309,101310,GA,NSA,AMP,g72
1310,101311,GA,NSA,AMP,g72
1311,101312,GA,NSA,AMP,g72
1312,101313,GA,NSA,AMP,g72
1313,101314,GA,NSA,AMP,g72
1314,101315,GA,NSA,AMP,g72
1315,101316,GA,NSA,AMP,g72
1316,101317,GA,NSA,AMP,g72
1317,101318,GA,NSA,AMP,g72
1318,101319,GA,NSA,AMP,g72
1319,101320,GA,NSA,AMP,g72
1320,101321,GA,NSA,AMP,g72
1321,101322,GA,NSA,AMP,g72
1322,101323,GA,NSA,AMP,g72
1323,101324,GA,NSA,AMP,g72
1324,101325,GA,NSA,AMP,g72
1325,101326,GA,NSA,AMP,g72
1326,101327,GA,NSA,AMP,g72
1327,101328,GA,NSA,AMP,g72
1328,101329,GA,NSA,AMP,g72
1329,101330,GA,NSA,AMP,g72
1330,101331,GA,NSA,AMP,g72
1331,101332,GA,NSA,AMP,g72
1332,101333,GA,NSA,AMP,g72
1333,101334,GA,AMP,FKT,g72
1334,101335,GA,AMP,FKT,g72
1335,101336,GA,AMP,FKT,g72
1336,101337,GA,AMP,FKT,g72
1337,101338,GA,AMP,FKT,g72
1338,101339,GA,AMP,FKT,g72
1339,101340,GA,AMP,FKT,g72
1340,101341,GA,AMP,FKT,g72
1341,101342,GA,AMP,FKT,g72
1342,101343,GA,AMP,FKT,g72
1343,101344,GA,AMP,FKT,g72
1344,101345,GA,AMP,FKT,g72
1345,101346,GA,AMP,FKT,g72
1346,101347,GA,AMP,FKT,g72
1347,101348,GA,AMP,FKT,g72
1348,101349,GA,AMP,FKT,g72
1349,101350,GA,AMP,FKT,g72
1350,101351,GA,AMP,FKT,g72
1351,101352,GA,AMP,FKT,g72
1352,101353,GA,AMP,FKT,g72
1353,101354,GA,AMP,FKT,g72
1354,101355,GA,AMP,FKT,g72
1355,101356,GA,AMP,FKT,g72
1356,101357,GA,AMP,FKT,g72
1357,101358,GA,AMP,FKT,g72
1358,101359,GA,AMP,FKT,g72
1359,101360,GA,AMP,FKT,g72
1360,101361,GA,AMP,FKT,g72
1361,101362,GA,AMP,FKT,g72
1362,101363,GA,AMP,FKT,g72
1363,101364,GA,AMP,NSA,g72
1364,101365,GA,AMP,NSA,g72
1365,101366,GA,AMP,NSA,g72
1366,101367,GA,AMP,NSA,g72
1367,101368,GA,AMP,NSA,g72
1368,101369,GA,AMP,NSA,g72
1369,101370,GA,AMP,NSA,g72
1370,101371,GA,AMP,NSA,g72
1371,101372,GA,AMP,NSA,g72
1372,101373,GA,AMP,NSA,g72
1373,101374,GA,AMP,NSA,g72
1374,101375,GA,AMP,NSA,g72
1375,101376,GA,AMP,NSA,g72
1376,101377,GA,AMP,NSA,g72
1377,101378,GA,AMP,NSA,g72
1378,101379,GA,AMP,NSA,g72
1379,101380,GA,AMP,NSA,g72
1380,101381,GA,AMP,NSA,g72
1381,101382,GA,AMP,NSA,g72
1382,101383,GA,AMP,NSA,g72
1383,101384,GA,AMP,NSA,g72
1384,101385,GA,AMP,NSA,g72
1385,101386,GA,AMP,NSA,g72
1386,101387,GA,AMP,NSA,g72
1387,101388,GA,AMP,NSA,g72
1388,101389,GA,AMP,NSA,g72
1389,101390,GA,AMP,NSA,g72
1390,101391,GA,AMP,NSA,g72
1391,101392,GA,AMP,NSA,g72
1392,101393,GA,AMP,NSA,g72
1393,101394,GA,AMP,NSA,g72
1394,101395,GA,AMP,NSA,g72
1395,101396,GA,AMP,NSA,g72
1396,101397,GA,AMP,NSA,g72
1397,101398,GA,AMP,NSA,g72
1398,101399,GA,AMP,NSA,g72
1399,101400,GA,AMP,NSA,g72
1400,101401,GA,AMP,NSA,g72
1401,101402,GA,AMP,NSA,g72
1402,101403,GA,AMP,NSA,g72
1403,101404,GA,AMP,NSA,g72
1404,101405,GA,AMP,NSA,g72
1405,101406,GA,AMP,NSA,g72
1406,101407,GA,AMP,NSA,g72
1407,101408,GA,AMP,NSA,g72
1408,101409,GA,AMP,NSA,g72
1409,101410,GA,AMP,NSA,g72
1410,101411,GA,AMP,NSA,g72
1411,101412,GA,AMP,NSA,g72
1412,101413,GA,AMP,NSA,g72
1413,101414,GA,AMP,NSA,g72
1414,101415,GA,AMP,NSA,g72
1415,101416,GA,AMP,NSA,g72
1416,101417,GA,AMP,NSA,g72
1417,101418,GA,AMP,NSA,g72
1418,101419,GA,AMP,NSA,g72
1419,101420,GA,AMP,NSA,g72
1420,101421,GA,AMP,NSA,g72
1421,101422,GA,AMP,NSA,g72
1422,101423,GA,AMP,NSA,g72
1423,101424,GA,AMP,NSA,g72
1424,101425,GA,AMP,NSA,g72
1425,101426,GA,AMP,NSA,g72
1426,101427,GA,AMP,NSA,g72
1427,101428,GA,AMP,NSA,g72
1428,101429,GA,AMP,NSA,g72
1429,101430,GA,AMP,NSA,g72
1430,101431,GA,AMP,NSA,g72
1431,101432,GA,AMP,NSA,g72
1432,101433,GA,AMP,NSA,g72
1433,101434,GA,AMP,NSA,g72
1434,101435,GA,AMP,NSA,g72
1435,101436,GA,AMP,NSA,g72
1436,101437,GA,AMP,NSA,g72
1437,101438,GA,AMP,NSA,g72
1438,101439,GA,AMP,NSA,g72
1439,101440,GA,AMP,NSA,g72
1440,101441,GA,AMP,NSA,g72
1441,101442,GA,AMP,NSA,g72
1442,101443,GA,AMP,NSA,g72
1443,101444,GA,AMP,NSA,g72
1444,101445,GA,AMP,NSA,g72
1445,101446,GA,AMP,NSA,g72
1446,101447,GA,AMP,NSA,g72
1447,101448,GA,AMP,NSA,g72
1448,101449,GA,AMP,NSA,g72
1449,101450,GA,AMP,NSA,g72
1450,101451,GA,AMP,NSA,g72
1451,101452,GA,AMP,NSA,g72
1452,101453,GA,AMP,NSA,g72
1453,101454,GA,AMP,NSA,g72
1454,101455,GA,AMP,NSA,g72
1455,101456,GA,AMP,NSA,g72
1456,101457,GA,AMP,NSA,g72
1457,101458,GA,AMP,NSA,g72
1458,101459,GA,AMP,NSA,g72
1459,101460,GA,AMP,NSA,g72
1460,101461,GA,AMP,NSA,g72
1461,101462,GA,AMP,NSA,g72
1462,101463,GA,AMP,NSA,g72
1463,101464,GA,AMP,NSA,g72
1464,101465,GA,AMP,NSA,g72
1465,101466,GA,AMP,NSA,g72
1466,101467,GA,AMP,NSA,g72
1467,101468,GA,AMP,NSA,g72
1468,101469,GA,AMP,NSA,g72
1469,101470,GA,AMP,NSA,g72
1470,101471,GA,AMP,NSA,g72
1471,101472,GA,AMP,NSA,g72
1472,101473,GA,AMP,NSA,g72
1473,101474,GA,AMP,NSA,g72
1474,101475,GA,AMP,NSA,g72
1475,101476,GA,AMP,NSA,g72
1476,101477,GA,AMP,NSA,g72
1477,101478,AA,FKT,NSA,t10
1478,101479,AA,FKT,NSA,t10
1479,101480,AA,FKT,NSA,t10
1480,101481,AA,FKT,NSA,t10
1481,101482,AA,FKT,NSA,t10
1482,101483,AA,FKT,NSA,t10
1483,101484,AA,FKT,NSA,t10
1484,101485,AA,FKT,NSA,t10
1485,101486,AA,FKT,NSA,t10
1486,101487,AA,FKT,NSA,t10
1487,101488,AA,FKT,NSA,t10
1488,101489,AA,FKT,NSA,t10
1489,101490,AA,FKT,NSA,t10
1490,101491,AA,FKT,NSA,t10
1491,101492,AA,FKT,NSA,t10
1492,101493,AA,FKT,NSA,t10
1493,101494,AA,FKT,NSA,t10
1494,101495,AA,FKT,NSA,t10
1495,101496,AA,FKT,NSA,t10
1496,101497,AA,FKT,NSA,t10
1497,101498,AA,FKT,NSA,t10
1498,101499,AA,FKT,NSA,t10
1499,101500,AA,FKT,NSA,t10
1500,101501,AA,FKT,NSA,t10
1501,101502,AA,FKT,NSA,t10
1502,101503,AA,FKT,NSA,t10
1503,101504,AA,FKT,NSA,t10
1504,101505,AA,FKT,AMP,t10
1505,101506,AA,FKT,AMP,t10
1506,101507,AA,FKT,AMP,t10
1507,101508,AA,FKT,AMP,t10
1508,101509,AA,FKT,AMP,t10
1509,101510,AA,FKT,AMP,t10
1510,101511,AA,FKT,AMP,t10
1511,101512,AA,FKT,AMP,t10
1512,101513,AA,FKT,AMP,t10
1513,101514,AA,FKT,AMP,t10
1514,101515,AA,FKT,AMP,t10
1515,101516,AA,FKT,AMP,t10
1516,101517,AA,FKT,AMP,t10
1517,101518,AA,FKT,AMP,t10
1518,101519,AA,FKT,AMP,t10
1519,101520,AA,FKT,AMP,t10
1520,101521,AA,FKT,AMP,t10
1521,101522,AA,FKT,AMP,t10
1522,101523,AA,FKT,AMP,t10
1523,101524,AA,FKT,AMP,t10
1524,101525,AA,FKT,AMP,t10
1525,101526,AA,FKT,AMP,t10
1526,101527,AA,FKT,AMP,t10
1527,101528,AA,FKT,AMP,t10
1528,101529,AA,FKT,AMP,t10
1529,101530,AA,FKT,AMP,t10
1530,101531,AA,FKT,AMP,t10
1531,101532,AA,FKT,AMP,t10
1532,101533,AA,FKT,AMP,t10
1533,101534,AA,FKT,AMP,t10
1534,101535,AA,FKT,AMP,t10
1535,101536,AA,FKT,AMP,t10
1536,101537,AA,FKT,AMP,t10
1537,101538,AA,FKT,AMP,t10
1538,101539,AA,FKT,AMP,t10
1539,101540,AA,FKT,AMP,t10
1540,101541,AA,FKT,AMP,t10
1541,101542,AA,FKT,AMP,t10
1542,101543,AA,FKT,AMP,t10
1543,101544,AA,FKT,AMP,t10
1544,101545,AA,FKT,AMP,t10
1545,101546,AA,FKT,AMP,t10
1546,101547,AA,FKT,AMP,t10
1547,101548,AA,FKT,AMP,t10
1548,101549,AA,FKT,AMP,t10
1549,101550,AA,FKT,AMP,t10
1550,101551,AA,FKT,AMP,t10
1551,101552,AA,FKT,AMP,t10
1552,101553,AA,FKT,AMP,t10
1553,101554,AA,FKT,AMP,t10
1554,101555,AA,FKT,AMP,t10
1555,101556,AA,FKT,AMP,t10
1556,101557,AA,FKT,AMP,t10
1557,101558,AA,FKT,AMP,t10
1558,101559,AA,FKT,AMP,t10
1559,101560,AA,FKT,AMP,t10
1560,101561,AA,FKT,AMP,t10
1561,101562,AA,FKT,AMP,t10
1562,101563,AA,FKT,AMP,t10
1563,101564,AA,FKT,AMP,t10
1564,101565,AA,FKT,AMP,t10
1565,101566,AA,FKT,AMP,t10
1566,101567,AA,FKT,AMP,t10
1567,101568,AA,FKT,AMP,t10
1568,101569,AA,FKT,AMP,t10
1569,101570,AA,FKT,AMP,t10
1570,101571,AA,FKT,AMP,t10
1571,101572,AA,FKT,AMP,t10
1572,101573,AA,FKT,AMP,t10
1573,101574,AA,FKT,AMP,t10
1574,101575,AA,FKT,AMP,t10
1575,101576,AA,FKT,AMP,t10
1576,101577,AA,FKT,AMP,t10
1577,101578,AA,FKT,AMP,t10
1578,101579,AA,FKT,AMP,t10
1579,101580,AA,FKT,AMP,t10
1580,101581,AA,FKT,AMP,t10
1581,101582,AA,FKT,AMP,t10
1582,101583,AA,FKT,AMP,t10
1583,101584,AA,FKT,AMP,t10
1584,101585,AA,FKT,AMP,t10
1585,101586,AA,FKT,AMP,t10
1586,101587,AA,FKT,AMP,t10
1587,101588,AA,FKT,AMP,t10
1588,101589,AA,FKT,AMP,t10
1589,101590,AA,FKT,AMP,t10
1590,101591,AA,FKT,AMP,t10
1591,101592,AA,FKT,AMP,t10
1592,101593,AA,FKT,AMP,t10
1593,101594,AA,FKT,AMP,t10
1594,101595,AA,FKT,AMP,t10
1595,101596,AA,FKT,AMP,t10
1596,101597,AA,FKT,AMP,t10
1597,101598,AA,FKT,AMP,t10
1598,101599,AA,FKT,AMP,t10
1599,101600,AA,FKT,AMP,t10
1600,101601,AA,FKT,AMP,t10
1601,101602,AA,FKT,AMP,t10
1602,101603,AA,FKT,AMP,t10
1603,101604,AA,FKT,AMP,t10
1604,101605,AA,FKT,AMP,t10
1605,101606,AA,FKT,AMP,t10
1606,101607,AA,FKT,AMP,t10
1607,101608,AA,FKT,AMP,t10
1608,101609,AA,FKT,AMP,t10
1609,101610,AA,FKT,AMP,t10
1610,101611,AA,FKT,AMP,t10
1611,101612,AA,FKT,AMP,t10
1612,101613,AA,FKT,AMP,t10
1613,101614,AA,FKT,AMP,t10
1614,101615,AA,FKT,AMP,t10
1615,101616,AA,FKT,AMP,t10
1616,101617,AA,FKT,AMP,t10
1617,101618,AA,FKT,AMP,t10
1618,101619,AA,FKT,AMP,t10
1619,101620,AA,FKT,AMP,t10
1620,101621,AA,FKT,AMP,t10
1621,101622,AA,FKT,AMP,t10
1622,101623,AA,FKT,AMP,t10
1623,101624,AA,FKT,AMP,t10
1624,101625,AA,FKT,AMP,t10
1625,101626,AA,FKT,AMP,t10
1626,101627,AA,FKT,AMP,t10
1627,101628,AA,FKT,AMP,t10
1628,101629,AA,FKT,AMP,t10
1629,101630,AA,FKT,AMP,t10
1630,101631,AA,FKT,AMP,t10
1631,101632,AA,FKT,AMP,t10
1632,101633,AA,NSA,FKT,t10
1633,101634,AA,NSA,FKT,t10
1634,101635,AA,NSA,FKT,t10
1635,101636,AA,NSA,FKT,t10
1636,101637,AA,NSA,FKT,t10
1637,101638,AA,NSA,FKT,t10
1638,101639,AA,NSA,FKT,t10
1639,101640,AA,NSA,FKT,t10
1640,101641,AA,NSA,FKT,t10
1641,101642,AA,NSA,FKT,t10
1642,101643,AA,NSA,FKT,t10
1643,101644,AA,NSA,FKT,t10
1644,101645,AA,NSA,FKT,t10
1645,101646,AA,NSA,FKT,t10
1646,101647,AA,NSA,FKT,t10
1647,101648,AA,NSA,FKT,t10
1648,101649,AA,NSA,FKT,t10
1649,101650,AA,NSA,FKT,t10
1650,101651,AA,NSA,FKT,t10
1651,101652,AA,NSA,FKT,t10
1652,101653,AA,NSA,FKT,t10
1653,101654,AA,NSA,FKT,t10
1654,101655,AA,NSA,FKT,t10
1655,101656,AA,NSA,FKT,t10
1656,101657,AA,NSA,FKT,t10
1657,101658,AA,NSA,FKT,t10
1658,101659,AA,NSA,FKT,t10
1659,101660,AA,NSA,FKT,t10
1660,101661,AA,NSA,FKT,t10
1661,101662,AA,NSA,FKT,t10
1662,101663,AA,NSA,FKT,t10
1663,101664,AA,NSA,FKT,t10
1664,101665,AA,NSA,FKT,t10
1665,101666,AA,NSA,FKT,t10
1666,101667,AA,NSA,AMP,b23
1667,101668,AA,NSA,AMP,b23
1668,101669,AA,NSA,AMP,b23
1669,101670,AA,NSA,AMP,b23
1670,101671,AA,NSA,AMP,b23
1671,101672,AA,NSA,AMP,b23
1672,101673,AA,NSA,AMP,b23
1673,101674,AA,NSA,AMP,b23
1674,101675,AA,NSA,AMP,b23
1675,101676,AA,NSA,AMP,b23
1676,101677,AA,NSA,AMP,b23
1677,101678,AA,NSA,AMP,b23
1678,101679,AA,NSA,AMP,b23
1679,101680,AA,NSA,AMP,b23
1680,101681,AA,NSA,AMP,b23
1681,101682,AA,NSA,AMP,b23
1682,101683,AA,NSA,AMP,b23
1683,101684,AA,NSA,AMP,b23
1684,101685,AA,NSA,AMP,b23
1685,101686,AA,NSA,AMP,b23
1686,101687,AA,NSA,AMP,b23
1687,101688,AA,NSA,AMP,b23
1688,101689,AA,NSA,AMP,b23
1689,101690,AA,NSA,AMP,b23
1690,101691,AA,NSA,AMP,b23
1691,101692,AA,NSA,AMP,b23
1692,101693,AA,NSA,AMP,b23
1693,101694,AA,NSA,AMP,b23
1694,101695,AA,NSA,AMP,b23
1695,101696,AA,NSA,AMP,b23
1696,101697,AA,NSA,AMP,b23
1697,101698,AA,NSA,AMP,b23
1698,101699,AA,NSA,AMP,b23
1699,101700,AA,NSA,AMP,b23
1700,101701,AA,NSA,AMP,b23
1701,101702,AA,NSA,AMP,b23
1702,101703,AA,NSA,AMP,b23
1703,101704,AA,NSA,AMP,b23
1704,101705,AA,NSA,AMP,b23
1705,101706,AA,NSA,AMP,b23
1706,101707,AA,NSA,AMP,b23
1707,101708,AA,NSA,AMP,b23
1708,101709,AA,NSA,AMP,b23
1709,101710,AA,NSA,AMP,b23
1710,101711,AA,NSA,AMP,b23
1711,101712,AA,NSA,AMP,b23
1712,101713,AA,NSA,AMP,b23
1713,101714,AA,NSA,AMP,b23
1714,101715,AA,NSA,AMP,b23
1715,101716,AA,NSA,AMP,b23
1716,101717,AA,NSA,AMP,b23
1717,101718,AA,NSA,AMP,b23
1718,101719,AA,NSA,AMP,b23
1719,101720,AA,NSA,AMP,b23
1720,101721,AA,NSA,AMP,b23
1721,101722,AA,NSA,AMP,b23
1722,101723,AA,NSA,AMP,b23
1723,101724,AA,NSA,AMP,b23
1724,101725,AA,NSA,AMP,b23
1725,101726,AA,NSA,AMP,b23
1726,101727,AA,NSA,AMP,b23
1727,101728,AA,NSA,AMP,b23
1728,101729,AA,NSA,AMP,b23
1729,101730,AA,NSA,AMP,b23
1730,101731,AA,NSA,AMP,b23
1731,101732,AA,NSA,AMP,b23
1732,101733,AA,NSA,AMP,b23
1733,101734,AA,NSA,AMP,b23
1734,101735,AA,NSA,AMP,b23
1735,101736,AA,NSA,AMP,b23
1736,101737,AA,NSA,AMP,b23
1737,101738,AA,NSA,AMP,b23
1738,101739,AA,NSA,AMP,b23
1739,101740,AA,NSA,AMP,b23
1740,101741,AA,NSA,AMP,b23
1741,101742,AA,NSA,AMP,b23
1742,101743,AA,NSA,AMP,b23
1743,101744,AA,NSA,AMP,b23
1744,101745,AA,NSA,AMP,b23
1745,101746,AA,NSA,AMP,b23
1746,101747,AA,NSA,AMP,b23
1747,101748,AA,NSA,AMP,b23
1748,101749,AA,NSA,AMP,b23
1749,101750,AA,NSA,AMP,b23
1750,101751,AA,NSA,AMP,b23
1751,101752,AA,NSA,AMP,b23
1752,101753,AA,NSA,AMP,b23
1753,101754,AA,NSA,AMP,b23
1754,101755,AA,NSA,AMP,b23
1755,101756,AA,NSA,AMP,b23
1756,101757,AA,NSA,AMP,b23
1757,101758,AA,NSA,AMP,b23
1758,101759,AA,NSA,AMP,b23
1759,101760,AA,NSA,AMP,b23
1760,101761,AA,NSA,AMP,b23
1761,101762,AA,NSA,AMP,b23
1762,101763,AA,NSA,AMP,b23
1763,101764,AA,NSA,AMP,b23
1764,101765,AA,NSA,AMP,b23
1765,101766,AA,NSA,AMP,b23
1766,101767,AA,NSA,AMP,b23
1767,101768,AA,NSA,AMP,b23
1768,101769,AA,NSA,AMP,b23
1769,101770,AA,NSA,AMP,b23
1770,101771,AA,NSA,AMP,b23
1771,101772,AA,NSA,AMP,b23
1772,101773,AA,NSA,AMP,b23
1773,101774,AA,NSA,AMP,b23
1774,101775,AA,NSA,AMP,b23
1775,101776,AA,NSA,AMP,b23
1776,101777,AA,NSA,AMP,b23
1777,101778,AA,NSA,AMP,b23
1778,101779,AA,NSA,AMP,b23
1779,101780,AA,NSA,AMP,b23
1780,101781,AA,NSA,AMP,b23
1781,101782,AA,NSA,AMP,b23
1782,101783,AA,NSA,AMP,b23
1783,101784,AA,NSA,AMP,b23
1784,101785,AA,NSA,AMP,b23
1785,101786,AA,NSA,AMP,b23
1786,101787,AA,NSA,AMP,b23
1787,101788,AA,NSA,AMP,b23
1788,101789,AA,NSA,AMP,b23
1789,101790,AA,AMP,FKT,t10
1790,101791,AA,AMP,FKT,t10
1791,101792,AA,AMP,FKT,t10
1792,101793,AA,AMP,FKT,t10
1793,101794,AA,AMP,FKT,t10
1794,101795,AA,AMP,FKT,t10
1795,101796,AA,AMP,FKT,t10
1796,101797,AA,AMP,FKT,t10
1797,101798,AA,AMP,FKT,t10
1798,101799,AA,AMP,FKT,t10
1799,101800,AA,AMP,FKT,t10
1800,101801,AA,AMP,FKT,t10
1801,101802,AA,AMP,FKT,t10
1802,101803,AA,AMP,FKT,t10
1803,101804,AA,AMP,FKT,t10
1804,101805,AA,AMP,FKT,t10
1805,101806,AA,AMP,FKT,t10
1806,101807,AA,AMP,FKT,t10
1807,101808,AA,AMP,FKT,t10
1808,101809,AA,AMP,FKT,t10
1809,101810,AA,AMP,FKT,t10
1810,101811,AA,AMP,FKT,t10
1811,101812,AA,AMP,FKT,t10
1812,101813,AA,AMP,FKT,t10
1813,101814,AA,AMP,FKT,t10
1814,101815,AA,AMP,FKT,t10
1815,101816,AA,AMP,FKT,t10
1816,101817,AA,AMP,FKT,t10
1817,101818,AA,AMP,FKT,t10
1818,101819,AA,AMP,FKT,t10
1819,101820,AA,AMP,FKT,t10
1820,101821,AA,AMP,FKT,t10
1821,101822,AA,AMP,FKT,t10
1822,101823,AA,AMP,FKT,t10
1823,101824,AA,AMP,FKT,t10
1824,101825,AA,AMP,FKT,t10
1825,101826,AA,AMP,FKT,t10
1826,101827,AA,AMP,FKT,t10
1827,101828,AA,AMP,FKT,t10
1828,101829,AA,AMP,FKT,t10
1829,101830,AA,AMP,FKT,t10
1830,101831,AA,AMP,FKT,t10
1831,101832,AA,AMP,FKT,t10
1832,101833,AA,AMP,FKT,t10
1833,101834,AA,AMP,FKT,t10
1834,101835,AA,AMP,FKT,t10
1835,101836,AA,AMP,FKT,t10
1836,101837,AA,AMP,FKT,t10
1837,101838,AA,AMP,FKT,t10
1838,101839,AA,AMP,FKT,t10
1839,101840,AA,AMP,FKT,t10
1840,101841,AA,AMP,FKT,t10
1841,101842,AA,AMP,FKT,t10
1842,101843,AA,AMP,FKT,t10
1843,101844,AA,AMP,FKT,t10
1844,101845,AA,AMP,FKT,t10
1845,101846,AA,AMP,FKT,t10
1846,101847,AA,AMP,FKT,t10
1847,101848,AA,AMP,FKT,t10
1848,101849,AA,AMP,FKT,t10
1849,101850,AA,AMP,FKT,t10
1850,101851,AA,AMP,FKT,t10
1851,101852,AA,AMP,FKT,t10
1852,101853,AA,AMP,FKT,t10
1853,101854,AA,AMP,FKT,t10
1854,101855,AA,AMP,FKT,t10
1855,101856,AA,AMP,FKT,t10
1856,101857,AA,AMP,FKT,t10
1857,101858,AA,AMP,FKT,t10
1858,101859,AA,AMP,FKT,t10
1859,101860,AA,AMP,FKT,t10
1860,101861,AA,AMP,FKT,t10
1861,101862,AA,AMP,FKT,t10
1862,101863,AA,AMP,FKT,t10
1863,101864,AA,AMP,FKT,t10
1864,101865,AA,AMP,FKT,t10
1865,101866,AA,AMP,FKT,t10
1866,101867,AA,AMP,FKT,t10
1867,101868,AA,AMP,FKT,t10
1868,101869,AA,AMP,FKT,t10
1869,101870,AA,AMP,FKT,t10
1870,101871,AA,AMP,FKT,t10
1871,101872,AA,AMP,FKT,t10
1872,101873,AA,AMP,FKT,t10
1873,101874,AA,AMP,FKT,t10
1874,101875,AA,AMP,FKT,t10
1875,101876,AA,AMP,FKT,t10
1876,101877,AA,AMP,FKT,t10
1877,101878,AA,AMP,FKT,t10
1878,101879,AA,AMP,FKT,t10
1879,101880,AA,AMP,FKT,t10
1880,101881,AA,AMP,FKT,t10
1881,101882,AA,AMP,FKT,t10
1882,101883,AA,AMP,FKT,t10
1883,101884,AA,AMP,FKT,t10
1884,101885,AA,AMP,FKT,t10
1885,101886,AA,AMP,FKT,t10
1886,101887,AA,AMP,FKT,t10
1887,101888,AA,AMP,FKT,t10
1888,101889,AA,AMP,FKT,t10
1889,101890,AA,AMP,FKT,t10
1890,101891,AA,AMP,FKT,t10
1891,101892,AA,AMP,FKT,t10
1892,101893,AA,AMP,FKT,t10
1893,101894,AA,AMP,FKT,t10
1894,101895,AA,AMP,FKT,t10
1895,101896,AA,AMP,FKT,t10
1896,101897,AA,AMP,FKT,t10
1897,101898,AA,AMP,FKT,t10
1898,101899,AA,AMP,FKT,t10
1899,101900,AA,AMP,FKT,t10
1900,101901,AA,AMP,FKT,t10
1901,101902,AA,AMP,FKT,t10
1902,101903,AA,AMP,FKT,t10
1903,101904,AA,AMP,FKT,t10
1904,101905,AA,AMP,FKT,t10
1905,101906,AA,AMP,FKT,t10
1906,101907,AA,AMP,FKT,t10
1907,101908,AA,AMP,FKT,t10
1908,101909,AA,AMP,FKT,t10
1909,101910,AA,AMP,FKT,t10
1910,101911,AA,AMP,FKT,t10
1911,101912,AA,AMP,FKT,t10
1912,101913,AA,AMP,FKT,t10
1913,101914,AA,AMP,FKT,t10
1914,101915,AA,AMP,FKT,t10
1915,101916,AA,AMP,FKT,t10
1916,101917,AA,AMP,FKT,t10
1917,101918,AA,AMP,FKT,t10
1918,101919,AA,AMP,FKT,t10
1919,101920,AA,AMP,FKT,t10
1920,101921,AA,AMP,FKT,t10
1921,101922,AA,AMP,FKT,t10
1922,101923,AA,AMP,FKT,t10
1923,101924,AA,AMP,FKT,t10
1924,101925,AA,AMP,FKT,t10
1925,101926,AA,AMP,FKT,t10
1926,101927,AA,AMP,FKT,t10
1927,101928,AA,AMP,FKT,t10
1928,101929,AA,AMP,FKT,t10
1929,101930,AA,AMP,FKT,t10
1930,101931,AA,AMP,FKT,t10
1931,101932,AA,AMP,FKT,t10
1932,101933,AA,AMP,FKT,t10
1933,101934,AA,AMP,FKT,t10
1934,101935,AA,AMP,FKT,t10
1935,101936,AA,AMP,FKT,t10
1936,101937,AA,AMP,FKT,t10
1937,101938,AA,AMP,FKT,t10
1938,101939,AA,AMP,FKT,t10
1939,101940,AA,AMP,FKT,t10
1940,101941,AA,AMP,FKT,t10
1941,101942,AA,AMP,FKT,t10
1942,101943,AA,AMP,FKT,t10
1943,101944,AA,AMP,FKT,t10
1944,101945,AA,AMP,FKT,t10
1945,101946,AA,AMP,FKT,t10
1946,101947,AA,AMP,FKT,t10
1947,101948,AA,AMP,FKT,t10
1948,101949,AA,AMP,FKT,t10
1949,101950,AA,AMP,FKT,t10
1950,101951,AA,AMP,FKT,t10
1951,101952,AA,AMP,FKT,t10
1952,101953,AA,AMP,FKT,t10
1953,101954,AA,AMP,FKT,t10
1954,101955,AA,AMP,FKT,t10
1955,101956,AA,AMP,FKT,t10
1956,101957,AA,AMP,FKT,t10
1957,101958,AA,AMP,FKT,t10
1958,101959,AA,AMP,FKT,t10
1959,101960,AA,AMP,FKT,t10
1960,101961,AA,AMP,FKT,t10
1961,101962,AA,AMP,FKT,t10
1962,101963,AA,AMP,FKT,t10
1963,101964,AA,AMP,FKT,t10
1964,101965,AA,AMP,FKT,t10
1965,101966,AA,AMP,FKT,t10
1966,101967,AA,AMP,FKT,t10
1967,101968,AA,AMP,FKT,t10
1968,101969,AA,AMP,FKT,t10
1969,101970,AA,AMP,FKT,t10
1970,101971,AA,AMP,FKT,t10
1971,101972,AA,AMP,FKT,t10
1972,101973,AA,AMP,FKT,t10
1973,101974,AA,AMP,FKT,t10
1974,101975,AA,AMP,FKT,t10
1975,101976,AA,AMP,FKT,t10
1976,101977,AA,AMP,FKT,t10
1977,101978,AA,AMP,FKT,t10
1978,101979,AA,AMP,FKT,t10
1979,101980,AA,AMP,FKT,t10
1980,101981,AA,AMP,FKT,t10
1981,101982,AA,AMP,FKT,t10
1982,101983,AA,AMP,FKT,t10
1983,101984,AA,AMP,FKT,t10
1984,101985,AA,AMP,FKT,t10
1985,101986,AA,AMP,FKT,t10
1986,101987,AA,AMP,FKT,t10
1987,101988,AA,AMP,FKT,t10
1988,101989,AA,AMP,FKT,t10
1989,101990,AA,AMP,FKT,t10
1990,101991,AA,AMP,FKT,t10
1991,101992,AA,AMP,FKT,t10
1992,101993,AA,AMP,FKT,t10
1993,101994,AA,AMP,FKT,t10
1994,101995,AA,AMP,FKT,t10
1995,101996,AA,AMP,FKT,t10
1996,101997,AA,AMP,FKT,t10
1997,101998,AA,AMP,FKT,t10
1998,101999,AA,AMP,FKT,t10
1999,102000,AA,AMP,FKT,t10
2000,102001,AA,AMP,FKT,t10
2001,102002,AA,AMP,FKT,t10
2002,102003,AA,AMP,FKT,t10
2003,102004,AA,AMP,FKT,t10
2004,102005,AA,AMP,FKT,t10
2005,102006,AA,AMP,FKT,t10
2006,102007,AA,AMP,FKT,t10
2007,102008,AA,AMP,FKT,t10
2008,102009,AA,AMP,FKT,t10
2009,102010,AA,AMP,FKT,t10
2010,102011,AA,AMP,FKT,t10
2011,102012,AA,AMP,FKT,t10
2012,102013,AA,AMP,FKT,t10
2013,102014,AA,AMP,FKT,t10
2014,102015,AA,AMP,FKT,t10
2015,102016,AA,AMP,FKT,t10
2016,102017,AA,AMP,FKT,t10
2017,102018,AA,AMP,FKT,t10
2018,102019,AA,AMP,FKT,t10
2019,102020,AA,AMP,FKT,t10
2020,102021,AA,AMP,FKT,t10
2021,102022,AA,AMP,FKT,t10
2022,102023,AA,AMP,FKT,t10
2023,102024,AA,AMP,FKT,t10
2024,102025,AA,AMP,FKT,t10
2025,102026,AA,AMP,FKT,t10
2026,102027,AA,AMP,FKT,t10
2027,102028,AA,AMP,FKT,t10
2028,102029,AA,AMP,FKT,t10
2029,102030,AA,AMP,FKT,t10
2030,102031,AA,AMP,FKT,t10
2031,102032,AA,AMP,FKT,t10
2032,102033,AA,AMP,FKT,t10
2033,102034,AA,AMP,FKT,t10
2034,102035,AA,AMP,FKT,t10
2035,102036,AA,AMP,FKT,t10
2036,102037,AA,AMP,FKT,t10
2037,102038,AA,AMP,FKT,t10
2038,102039,AA,AMP,FKT,t10
2039,102040,AA,AMP,FKT,t10
2040,102041,AA,AMP,FKT,t10
2041,102042,AA,AMP,FKT,t10
2042,102043,AA,AMP,FKT,t10
2043,102044,AA,AMP,FKT,t10
2044,102045,AA,AMP,FKT,t10
2045,102046,AA,AMP,FKT,t10
2046,102047,AA,AMP,FKT,t10
2047,102048,AA,AMP,FKT,t10
2048,102049,AA,AMP,FKT,t10
2049,102050,AA,AMP,FKT,t10
2050,102051,AA,AMP,FKT,t10
2051,102052,AA,AMP,FKT,t10
2052,102053,AA,AMP,FKT,t10
2053,102054,AA,AMP,FKT,t10
2054,102055,AA,AMP,FKT,t10
2055,102056,AA,AMP,FKT,t10
2056,102057,AA,AMP,FKT,t10
2057,102058,AA,AMP,FKT,t10
2058,102059,AA,AMP,FKT,t10
2059,102060,AA,AMP,FKT,t10
2060,102061,AA,AMP,FKT,t10
2061,102062,AA,AMP,FKT,t10
2062,102063,AA,AMP,FKT,t10
2063,102064,AA,AMP,FKT,t10
2064,102065,AA,AMP,FKT,t10
2065,102066,AA,AMP,FKT,t10
2066,102067,AA,AMP,FKT,t10
2067,102068,AA,AMP,FKT,t10
2068,102069,AA,AMP,FKT,t10
2069,102070,AA,AMP,FKT,t10
2070,102071,AA,AMP,FKT,t10
2071,102072,AA,AMP,FKT,t10
2072,102073,AA,AMP,FKT,t10
2073,102074,AA,AMP,FKT,t10
2074,102075,AA,AMP,FKT,t10
2075,102076,AA,AMP,FKT,t10
2076,102077,AA,AMP,FKT,t10
2077,102078,AA,AMP,FKT,t10
2078,102079,AA,AMP,FKT,t10
2079,102080,AA,AMP,FKT,t10
2080,102081,AA,AMP,FKT,t10
2081,102082,AA,AMP,FKT,t10
2082,102083,AA,AMP,FKT,t10
2083,102084,AA,AMP,FKT,t10
2084,102085,AA,AMP,FKT,t10
2085,102086,AA,AMP,FKT,t10
2086,102087,AA,AMP,FKT,t10
2087,102088,AA,AMP,FKT,t10
2088,102089,AA,AMP,FKT,t10
2089,102090,AA,AMP,FKT,t10
2090,102091,AA,AMP,FKT,t10
2091,102092,AA,AMP,FKT,t10
2092,102093,AA,AMP,FKT,t10
2093,102094,AA,AMP,FKT,t10
2094,102095,AA,AMP,FKT,t10
2095,102096,AA,AMP,FKT,t10
2096,102097,AA,AMP,FKT,t10
2097,102098,AA,AMP,FKT,t10
2098,102099,AA,AMP,FKT,t10
2099,102100,AA,AMP,FKT,t10
2100,102101,AA,AMP,FKT,t10
2101,102102,AA,AMP,FKT,t10
2102,102103,AA,AMP,FKT,t10
2103,102104,AA,AMP,FKT,t10
2104,102105,AA,AMP,FKT,t10
2105,102106,AA,AMP,FKT,t10
2106,102107,AA,AMP,FKT,t10
2107,102108,AA,AMP,FKT,t10
2108,102109,AA,AMP,FKT,t10
2109,102110,AA,AMP,FKT,t10
2110,102111,AA,AMP,FKT,t10
2111,102112,AA,AMP,FKT,t10
2112,102113,AA,AMP,FKT,t10
2113,102114,AA,AMP,FKT,t10
2114,102115,AA,AMP,FKT,t10
2115,102116,AA,AMP,FKT,t10
2116,102117,AA,AMP,FKT,t10
2117,102118,AA,AMP,FKT,t10
2118,102119,AA,AMP,FKT,t10
2119,102120,AA,AMP,FKT,t10
2120,102121,AA,AMP,FKT,t10
2121,102122,AA,AMP,FKT,t10
2122,102123,AA,AMP,FKT,t10
2123,102124,AA,AMP,FKT,t10
2124,102125,AA,AMP,FKT,t10
2125,102126,AA,AMP,FKT,t10
2126,102127,AA,AMP,FKT,t10
2127,102128,AA,AMP,FKT,t10
2128,102129,AA,AMP,FKT,t10
2129,102130,AA,AMP,FKT,t10
2130,102131,AA,AMP,FKT,t10
2131,102132,AA,AMP,FKT,t10
2132,102133,AA,AMP,FKT,t10
2133,102134,AA,AMP,FKT,t10
2134,102135,AA,AMP,FKT,t10
2135,102136,AA,AMP,FKT,t10
2136,102137,AA,AMP,FKT,t10
2137,102138,AA,AMP,FKT,t10
2138,102139,AA,AMP,FKT,t10
2139,102140,AA,AMP,FKT,t10
2140,102141,AA,AMP,FKT,t10
2141,102142,AA,AMP,FKT,t10
2142,102143,AA,AMP,FKT,t10
2143,102144,AA,AMP,FKT,t10
2144,102145,AA,AMP,FKT,t10
2145,102146,AA,AMP,FKT,t10
2146,102147,AA,AMP,FKT,t10
2147,102148,AA,AMP,FKT,t10
2148,102149,AA,AMP,FKT,t10
2149,102150,AA,AMP,FKT,t10
2150,102151,AA,AMP,FKT,t10
2151,102152,AA,AMP,FKT,t10
2152,102153,AA,AMP,FKT,t10
2153,102154,AA,AMP,NSA,b23
2154,102155,AA,AMP,NSA,b23
2155,102156,AA,AMP,NSA,b23
2156,102157,AA,AMP,NSA,b23
2157,102158,AA,AMP,NSA,b23
2158,102159,AA,AMP,NSA,b23
2159,102160,AA,AMP,NSA,b23
2160,102161,AA,AMP,NSA,b23
2161,102162,AA,AMP,NSA,b23
2162,102163,AA,AMP,NSA,b23
2163,102164,AA,AMP,NSA,b23
2164,102165,AA,AMP,NSA,b23
2165,102166,AA,AMP,NSA,b23
2166,102167,AA,AMP,NSA,b23
2167,102168,AA,AMP,NSA,b23
2168,102169,AA,AMP,NSA,b23
2169,102170,AA,AMP,NSA,b23
2170,102171,AA,AMP,NSA,b23
2171,102172,AA,AMP,NSA,b23
2172,102173,AA,AMP,NSA,b23
2173,102174,AA,AMP,NSA,b23
2174,102175,AA,AMP,NSA,b23
2175,102176,AA,AMP,NSA,b23
2176,102177,AA,AMP,NSA,b23
2177,102178,AA,AMP,NSA,b23
2178,102179,AA,AMP,NSA,b23
2179,102180,AA,AMP,NSA,b23
2180,102181,AA,AMP,NSA,b23
2181,102182,AA,AMP,NSA,b23
2182,102183,AA,AMP,NSA,b23
2183,102184,AA,AMP,NSA,b23
2184,102185,AA,AMP,NSA,b23
2185,102186,AA,AMP,NSA,b23
2186,102187,AA,AMP,NSA,b23
2187,102188,AA,AMP,NSA,b23
2188,102189,AA,AMP,NSA,b23
2189,102190,AA,AMP,NSA,b23
2190,102191,AA,AMP,NSA,b23
2191,102192,AA,AMP,NSA,b23
2192,102193,AA,AMP,NSA,b23
2193,102194,AA,AMP,NSA,b23
2194,102195,AA,AMP,NSA,b23
2195,102196,AA,AMP,NSA,b23
2196,102197,AA,AMP,NSA,b23
2197,102198,AA,AMP,NSA,b23
2198,102199,AA,AMP,NSA,b23
2199,102200,AA,AMP,NSA,b23
2200,102201,AA,AMP,NSA,b23
2201,102202,AA,AMP,NSA,b23
2202,102203,AA,AMP,NSA,b23
2203,102204,AA,AMP,NSA,b23
2204,102205,AA,AMP,NSA,b23
2205,102206,AA,AMP,NSA,b23
2206,102207,AA,AMP,NSA,b23
2207,102208,AA,AMP,NSA,b23
2208,102209,AA,AMP,NSA,b23
2209,102210,AA,AMP,NSA,b23
2210,102211,AA,AMP,NSA,b23
2211,102212,AA,AMP,NSA,b23
2212,102213,AA,AMP,NSA,b23
2213,102214,AA,AMP,NSA,b23
2214,102215,AA,AMP,NSA,b23
2215,102216,AA,AMP,NSA,b23
2216,102217,AA,AMP,NSA,b23
2217,102218,AA,AMP,NSA,b23
2218,102219,AA,AMP,NSA,b23
2219,102220,AA,AMP,NSA,b23
2220,102221,AA,AMP,NSA,b23
2221,102222,AA,AMP,NSA,b23
2222,102223,AA,AMP,NSA,b23
2223,102224,AA,AMP,NSA,b23
2224,102225,AA,AMP,NSA,b23
2225,102226,AA,AMP,NSA,b23
2226,102227,AA,AMP,NSA,b23
2227,102228,AA,AMP,NSA,b23
2228,102229,AA,AMP,NSA,b23
2229,102230,AA,AMP,NSA,b23
2230,102231,AA,AMP,NSA,b23
2231,102232,AA,AMP,NSA,b23
2232,102233,AA,AMP,NSA,b23
2233,102234,AA,AMP,NSA,b23
2234,102235,AA,AMP,NSA,b23
2235,102236,AA,AMP,NSA,b23
2236,102237,AA,AMP,NSA,b23
2237,102238,AA,AMP,NSA,b23
2238,102239,AA,AMP,NSA,b23
2239,102240,AA,AMP,NSA,b23
2240,102241,AA,AMP,NSA,b23
2241,102242,AA,AMP,NSA,b23
2242,102243,AA,AMP,NSA,b23
2243,102244,AA,AMP,NSA,b23
2244,102245,AA,AMP,NSA,b23
2245,102246,AA,AMP,NSA,b23
2246,102247,AA,AMP,NSA,b23
2247,102248,AA,AMP,NSA,b23
2248,102249,AA,AMP,NSA,b23
2249,102250,AA,AMP,NSA,b23
2250,102251,AA,AMP,NSA,b23
2251,102252,AA,AMP,NSA,b23
2252,102253,AA,AMP,NSA,b23
2253,102254,AA,AMP,NSA,b23
2254,102255,AA,AMP,NSA,b23
2255,102256,AA,AMP,NSA,b23
2256,102257,AA,AMP,NSA,b23
2257,102258,AA,AMP,NSA,b23
2258,102259,AA,AMP,NSA,b23
2259,102260,AA,AMP,NSA,b23
2260,102261,AA,AMP,NSA,b23
2261,102262,AA,AMP,NSA,b23
2262,102263,AA,AMP,NSA,b23
2263,102264,AA,AMP,NSA,b23
2264,102265,AA,AMP,NSA,b23
2265,102266,AA,AMP,NSA,b23
2266,102267,AA,AMP,NSA,b23
2267,102268,AA,AMP,NSA,b23
2268,102269,AA,AMP,NSA,b23
2269,102270,AA,AMP,NSA,b23
